Username;Password;Nombre;Apellido;Rut;Email;CentroCostoId;Enabled
Patrick.Montgomery;407330396;Patrick;Montgomery;14414624-7;p.montgomery3688@camanchaca.cl;3;0
Keely.Luna;773727785;Keely;Luna;3582170-8;k-luna@camanchaca.cl;4;1
Gray.Rodriquez;418604397;Gray;Rodriquez;8399160-7;r_gray282@camanchaca.cl;3;1
Gareth.York;970459897;Gareth;York;38336727-1;y-gareth@camanchaca.cl;6;0
Elmo.Reilly;355898909;Elmo;Reilly;47151840-9;e_reilly2796@camanchaca.cl;4;0
Ralph.Solis;503047726;Ralph;Solis;47873754-8;solisralph@camanchaca.cl;1;1
Abel.Campbell;731786065;Abel;Campbell;7858484-K;abel-campbell8763@camanchaca.cl;1;0
Charles.Goodwin;340219168;Charles;Goodwin;46222525-3;c-goodwin2415@camanchaca.cl;5;0
Levi.Douglas;499266082;Levi;Douglas;43729693-6;levi.douglas2350@camanchaca.cl;1;1
Shelley.Townsend;110110710;Shelley;Townsend;26236160-8;townsendshelley@camanchaca.cl;3;1
Ingrid.Flynn;410694730;Ingrid;Flynn;32672509-9;i_flynn@camanchaca.cl;5;1
Melinda.Knowles;718148121;Melinda;Knowles;36917429-0;knowles_melinda896@camanchaca.cl;4;1
Berk.Barr;28287639;Berk;Barr;42495836-0;barrberk9157@camanchaca.cl;1;0
Lionel.Blankenship;113773549;Lionel;Blankenship;44717294-1;blankenshiplionel@camanchaca.cl;3;0
Colleen.Kerr;68235003;Colleen;Kerr;36782854-4;kerr-colleen@camanchaca.cl;4;0
Ahmed.Rowe;980437886;Ahmed;Rowe;668617-6;rowe.ahmed@camanchaca.cl;3;0
Philip.Macdonald;177352024;Philip;Macdonald;32841135-0;macdonaldphilip1861@camanchaca.cl;3;1
Quail.Wilkerson;783234410;Quail;Wilkerson;39360200-7;q.wilkerson6333@camanchaca.cl;5;0
Aaron.Pate;124304658;Aaron;Pate;33371323-3;aaron.pate@camanchaca.cl;6;0
Elton.Dodson;160814335;Elton;Dodson;37982953-8;e.dodson1935@camanchaca.cl;1;0
Drake.Crawford;77263143;Drake;Crawford;33392678-4;drake-crawford@camanchaca.cl;6;0
Ella.Alston;451644577;Ella;Alston;2735810-1;alstonella7627@camanchaca.cl;4;0
Iris.Holt;299843619;Iris;Holt;18545206-9;hiris7451@camanchaca.cl;4;1
Stone.Vinson;863229695;Stone;Vinson;34716342-2;vinson_stone8784@camanchaca.cl;5;0
Otto.Day;250409502;Otto;Day;3478907-K;o.day9623@camanchaca.cl;3;0
Kato.Sanchez;248130383;Kato;Sanchez;17103689-5;k-sanchez@camanchaca.cl;4;1
Norman.Barrera;119780353;Norman;Barrera;2282571-2;barrera_norman1211@camanchaca.cl;4;0
Chester.Buckner;361624741;Chester;Buckner;29363575-7;buckner.chester@camanchaca.cl;6;0
Jerome.Britt;296982063;Jerome;Britt;47113156-3;b.jerome5790@camanchaca.cl;4;1
Julie.Chen;316671520;Julie;Chen;27289775-1;c_julie1600@camanchaca.cl;1;0
Carlos.Guthrie;543883057;Carlos;Guthrie;25110509-K;gcarlos@camanchaca.cl;4;1
Gil.Dunn;801746610;Gil;Dunn;1959262-6;dunn_gil2185@camanchaca.cl;4;1
Forrest.Phillips;618977736;Forrest;Phillips;8411816-8;fphillips8878@camanchaca.cl;1;0
Armand.Mcgowan;592910710;Armand;Mcgowan;30740642-K;mcgowanarmand3662@camanchaca.cl;6;0
Connor.Combs;485527251;Connor;Combs;31108434-8;c.combs3025@camanchaca.cl;5;1
Uma.Simmons;690985188;Uma;Simmons;3653032-4;umasimmons2769@camanchaca.cl;6;0
Illiana.Allen;627559823;Illiana;Allen;17709609-1;allen_illiana@camanchaca.cl;1;0
Igor.Stokes;573979714;Igor;Stokes;16205509-7;stokes_igor5122@camanchaca.cl;1;1
Lareina.Rosa;378064332;Lareina;Rosa;32222498-2;rlareina@camanchaca.cl;5;1
Cody.Stein;370188577;Cody;Stein;13121126-0;cstein@camanchaca.cl;4;0
George.Kirkland;122037405;George;Kirkland;20229613-0;g-kirkland@camanchaca.cl;4;0
Rigel.Spears;333125504;Rigel;Spears;31893169-0;s_rigel@camanchaca.cl;1;0
Maggie.Parks;299168209;Maggie;Parks;31218992-5;parks.maggie@camanchaca.cl;4;1
Cherokee.Owens;511512842;Cherokee;Owens;16504761-3;o-cherokee9296@camanchaca.cl;6;1
Constance.Santana;882063838;Constance;Santana;1541710-2;santana.constance4188@camanchaca.cl;4;1
Castor.Cervantes;384493767;Castor;Cervantes;25172457-1;cervantes.castor@camanchaca.cl;4;0
Alexa.Oneil;897458477;Alexa;Oneil;47797913-0;aoneil4432@camanchaca.cl;6;1
Erich.Mcgee;727725301;Erich;Mcgee;42227159-7;m.erich@camanchaca.cl;4;1
Roanna.Mooney;439786249;Roanna;Mooney;63156-6;roannamooney@camanchaca.cl;3;1
Brett.Espinoza;366697534;Brett;Espinoza;11627221-0;brett_espinoza@camanchaca.cl;5;1
Tatyana.Jackson;872134547;Tatyana;Jackson;15622305-0;t.jackson3667@camanchaca.cl;3;1
Charles.Duncan;630411666;Charles;Duncan;19595432-1;charles.duncan@camanchaca.cl;4;0
Victoria.Vincent;274604006;Victoria;Vincent;45978469-1;v.vincent@camanchaca.cl;3;0
Lacey.Bowers;684461279;Lacey;Bowers;26298610-1;l-bowers@camanchaca.cl;4;1
Wing.Davenport;123828881;Wing;Davenport;29137972-9;wdavenport7874@camanchaca.cl;1;1
Channing.Hart;842999545;Channing;Hart;21624801-5;hart.channing@camanchaca.cl;5;0
Ross.Warren;153119791;Ross;Warren;1668224-1;rwarren@camanchaca.cl;4;0
Timon.Winters;649858772;Timon;Winters;13203391-9;timon-winters@camanchaca.cl;1;1
Branden.Stein;410547358;Branden;Stein;9437192-9;b_stein@camanchaca.cl;1;0
Nell.Durham;141310124;Nell;Durham;7822781-8;nell_durham@camanchaca.cl;4;0
Maya.Gray;758902884;Maya;Gray;17319617-2;gray-maya@camanchaca.cl;1;1
Gay.Mendez;204918167;Gay;Mendez;41557108-9;g.mendez8298@camanchaca.cl;4;0
Vincent.Tyson;73748436;Vincent;Tyson;46824600-7;tyson.vincent890@camanchaca.cl;5;1
Rigel.Floyd;979355692;Rigel;Floyd;18217723-7;r.floyd@camanchaca.cl;3;0
Kiona.Carver;587345240;Kiona;Carver;12809256-0;carverkiona@camanchaca.cl;3;1
Hayden.Reyes;689439461;Hayden;Reyes;34290605-2;r_hayden8201@camanchaca.cl;3;1
Lavinia.Merrill;677125523;Lavinia;Merrill;10352-7;l.merrill4573@camanchaca.cl;1;1
Inez.Downs;682974992;Inez;Downs;17913675-9;i.downs4942@camanchaca.cl;5;0
Wesley.Foreman;908996862;Wesley;Foreman;867539-2;wesley.foreman@camanchaca.cl;6;0
Tallulah.Jennings;657579761;Tallulah;Jennings;24642361-K;tjennings@camanchaca.cl;1;0
Alan.Leach;332677418;Alan;Leach;42686125-9;leachalan@camanchaca.cl;1;1
Bertha.Gregory;266878787;Bertha;Gregory;3115298-4;bertha.gregory@camanchaca.cl;6;0
Walker.Gamble;227521001;Walker;Gamble;29788697-5;g_walker@camanchaca.cl;4;0
Athena.Nelson;31754829;Athena;Nelson;35984852-8;nelson-athena@camanchaca.cl;1;0
Megan.Johnson;537258184;Megan;Johnson;38360249-1;johnson_megan2096@camanchaca.cl;5;0
Brendan.Russo;691945902;Brendan;Russo;39770644-3;russo.brendan3172@camanchaca.cl;3;1
Cairo.Grimes;989886629;Cairo;Grimes;37307663-5;cgrimes@camanchaca.cl;3;0
Nell.Bray;824455873;Nell;Bray;26798594-4;n.bray@camanchaca.cl;5;1
Riley.Jackson;548063625;Riley;Jackson;2020952-6;riley.jackson@camanchaca.cl;3;1
April.Strong;350939181;April;Strong;27264921-9;strong.april@camanchaca.cl;6;1
Maite.Joyner;918760251;Maite;Joyner;13396142-9;mjoyner@camanchaca.cl;6;0
Dillon.Simpson;346762433;Dillon;Simpson;29733933-8;s_dillon584@camanchaca.cl;6;1
Hadley.West;560348788;Hadley;West;2467203-4;w-hadley7275@camanchaca.cl;5;0
Hammett.Jennings;442869715;Hammett;Jennings;4694658-8;jenningshammett2909@camanchaca.cl;6;0
Lilah.Henson;608530201;Lilah;Henson;8805321-4;hensonlilah2839@camanchaca.cl;3;1
Yasir.Pratt;692124800;Yasir;Pratt;43931269-6;ypratt@camanchaca.cl;3;1
Quintessa.Joyce;899677399;Quintessa;Joyce;7448121-3;joyce-quintessa@camanchaca.cl;1;1
Josephine.Bolton;269110802;Josephine;Bolton;2187543-0;bolton.josephine1938@camanchaca.cl;5;0
Graham.Vargas;447425668;Graham;Vargas;11689896-9;v-graham@camanchaca.cl;5;0
Elijah.Wilkinson;828657888;Elijah;Wilkinson;2235199-0;wilkinsonelijah9929@camanchaca.cl;1;1
Guinevere.Berg;249547535;Guinevere;Berg;47296931-5;guinevereberg8096@camanchaca.cl;6;1
Xena.Delgado;950888073;Xena;Delgado;40474674-K;dxena@camanchaca.cl;4;0
Ryan.Kramer;792818230;Ryan;Kramer;30746700-3;kramer.ryan@camanchaca.cl;4;1
Cecilia.Campos;858586097;Cecilia;Campos;40473102-5;c-cecilia@camanchaca.cl;5;1
MacKensie.Sampson;265111612;MacKensie;Sampson;7738852-4;s_mackensie2031@camanchaca.cl;1;0
Yeo.Lindsay;652059196;Yeo;Lindsay;3192272-0;ylindsay1332@camanchaca.cl;3;0
Kimberly.Walls;317912637;Kimberly;Walls;20760830-0;w-kimberly@camanchaca.cl;4;1
Megan.Gibson;292931701;Megan;Gibson;25778544-0;gibsonmegan3068@camanchaca.cl;3;1
Eugenia.Perkins;144329268;Eugenia;Perkins;11920330-9;perkins.eugenia8098@camanchaca.cl;5;0
Michelle.Stevens;986248956;Michelle;Stevens;25425240-9;stevens-michelle@camanchaca.cl;3;0
Lani.Wilder;198669618;Lani;Wilder;13420686-1;w.lani@camanchaca.cl;1;1
Fredericka.Miles;169857196;Fredericka;Miles;45671281-9;miles.fredericka9475@camanchaca.cl;6;1
Russell.Jordan;899383572;Russell;Jordan;37602147-5;jordan.russell@camanchaca.cl;6;1
Sonia.Gould;667798146;Sonia;Gould;23822566-3;sgould@camanchaca.cl;3;0
Clare.Dean;436786132;Clare;Dean;34613195-0;dean_clare2045@camanchaca.cl;3;1
Cameron.Hubbard;428839776;Cameron;Hubbard;39164215-K;hubbard.cameron@camanchaca.cl;1;0
Hu.Schneider;35633236;Hu;Schneider;37995192-9;h-schneider118@camanchaca.cl;4;1
Sigourney.Roach;632557148;Sigourney;Roach;4255222-4;roach_sigourney5203@camanchaca.cl;1;1
Orlando.Travis;902717723;Orlando;Travis;2364317-0;travis.orlando7222@camanchaca.cl;3;0
Beau.Mcdowell;385164984;Beau;Mcdowell;30564132-4;mcdowellbeau1450@camanchaca.cl;4;0
Lillian.Medina;121731264;Lillian;Medina;21231165-0;medinalillian9572@camanchaca.cl;5;0
Tasha.Lott;336240128;Tasha;Lott;24838733-5;t_lott8864@camanchaca.cl;5;1
Sybill.Cabrera;972789547;Sybill;Cabrera;35342978-7;cabrerasybill6777@camanchaca.cl;6;1
Nita.Salas;201403726;Nita;Salas;4265817-0;s.nita@camanchaca.cl;4;0
Bethany.Best;804291901;Bethany;Best;35846890-K;bestbethany@camanchaca.cl;5;0
Macaulay.Rush;340042928;Macaulay;Rush;5671675-0;mrush@camanchaca.cl;5;1
Linda.Sharpe;910720152;Linda;Sharpe;42566530-8;sharpe-linda5739@camanchaca.cl;4;1
Rylee.Sanchez;28273677;Rylee;Sanchez;49752425-3;rylee.sanchez@camanchaca.cl;1;0
Nicole.Shaffer;448547722;Nicole;Shaffer;28562948-9;shaffer_nicole6776@camanchaca.cl;3;0
Isaac.Allen;536417517;Isaac;Allen;28386813-3;i-allen@camanchaca.cl;5;1
Pearl.Baxter;676034804;Pearl;Baxter;44159994-3;baxter_pearl@camanchaca.cl;4;0
Raja.Nielsen;960052125;Raja;Nielsen;47359636-9;n.raja6870@camanchaca.cl;6;0
Coby.Bruce;126456431;Coby;Bruce;3425190-8;c.bruce174@camanchaca.cl;4;1
Tate.Turner;596338166;Tate;Turner;5020220-8;tturner3186@camanchaca.cl;5;1
Britanney.Foreman;789336454;Britanney;Foreman;31699676-0;foreman-britanney7260@camanchaca.cl;4;1
Colin.Horton;393089634;Colin;Horton;930270-0;hcolin3777@camanchaca.cl;1;0
Amber.Mcneil;28054932;Amber;Mcneil;48844154-K;a_mcneil@camanchaca.cl;4;1
Cameron.Emerson;805599718;Cameron;Emerson;32316729-K;e_cameron8978@camanchaca.cl;6;1
Glenna.Fuentes;898798869;Glenna;Fuentes;29654380-2;g_fuentes@camanchaca.cl;1;0
Lillith.Edwards;367663911;Lillith;Edwards;2454893-7;edwardslillith@camanchaca.cl;3;1
Eric.Jarvis;44674941;Eric;Jarvis;46934708-7;jarvis-eric1196@camanchaca.cl;5;0
Laurel.Kirkland;273667548;Laurel;Kirkland;15653536-2;l.kirkland256@camanchaca.cl;3;1
Brynne.Mcclure;414535964;Brynne;Mcclure;8997252-3;b-mcclure4625@camanchaca.cl;3;1
Farrah.Kerr;84475438;Farrah;Kerr;32620842-6;farrah_kerr@camanchaca.cl;5;0
Cooper.Conway;935488952;Cooper;Conway;46672517-K;c-conway5684@camanchaca.cl;4;0
Aristotle.Sharpe;936105814;Aristotle;Sharpe;8606270-4;saristotle@camanchaca.cl;6;0
Luke.Vincent;656010891;Luke;Vincent;3482633-1;vincentluke8408@camanchaca.cl;5;0
Abbot.Day;373006547;Abbot;Day;38327358-7;abbot.day8182@camanchaca.cl;1;1
Elliott.Guzman;524882844;Elliott;Guzman;2047441-6;guzman_elliott8154@camanchaca.cl;4;1
Laurel.Nicholson;293195045;Laurel;Nicholson;29428947-K;lnicholson2061@camanchaca.cl;4;0
Cara.Horn;582882193;Cara;Horn;49227985-4;horn_cara7842@camanchaca.cl;5;0
Jane.Alexander;536442223;Jane;Alexander;36583804-6;alexander-jane@camanchaca.cl;6;0
Preston.Davenport;126193245;Preston;Davenport;4636267-5;p-davenport@camanchaca.cl;3;1
Steven.Barnett;482921447;Steven;Barnett;46453488-1;barnett_steven@camanchaca.cl;6;0
Noah.Jimenez;964933153;Noah;Jimenez;22311974-3;jnoah5080@camanchaca.cl;4;0
Melyssa.Bird;666174831;Melyssa;Bird;17984935-6;m_bird@camanchaca.cl;4;1
MacKenzie.Tucker;465009884;MacKenzie;Tucker;46501221-8;t_mackenzie@camanchaca.cl;3;0
Sebastian.Hardy;324602223;Sebastian;Hardy;4833997-2;s.hardy@camanchaca.cl;4;1
Hayley.Sharp;965989480;Hayley;Sharp;22221567-6;hsharp710@camanchaca.cl;1;0
Xantha.Patterson;260622977;Xantha;Patterson;46662353-9;xantha_patterson6192@camanchaca.cl;5;0
Emery.Contreras;443437262;Emery;Contreras;41820884-8;c-emery@camanchaca.cl;4;0
Samson.Fox;35942764;Samson;Fox;26294118-3;fox.samson@camanchaca.cl;4;1
Amaya.Black;584914457;Amaya;Black;9178711-3;b.amaya@camanchaca.cl;5;0
John.Wise;130876969;John;Wise;8271310-7;jwise4333@camanchaca.cl;6;0
Adrian.Soto;652384150;Adrian;Soto;11965424-6;asoto5865@camanchaca.cl;3;1
Ishmael.Elliott;408564892;Ishmael;Elliott;34140309-K;i_elliott@camanchaca.cl;1;0
Elmo.Bauer;318724617;Elmo;Bauer;15295514-6;ebauer@camanchaca.cl;6;0
Keely.Hammond;531212533;Keely;Hammond;27627399-K;hammond.keely9187@camanchaca.cl;5;0
Kelsey.Alvarado;224764066;Kelsey;Alvarado;82047-4;k-alvarado7582@camanchaca.cl;3;0
Adele.Bruce;491328873;Adele;Bruce;26277457-0;bruce-adele@camanchaca.cl;5;0
Blake.Pollard;436613580;Blake;Pollard;4853460-0;bpollard3260@camanchaca.cl;4;1
Hilel.Adkins;596563931;Hilel;Adkins;39388475-4;hilel.adkins5142@camanchaca.cl;1;1
Camden.Guerra;929859995;Camden;Guerra;45517273-K;c.guerra268@camanchaca.cl;6;0
Pearl.Harmon;251649517;Pearl;Harmon;4247402-9;pearl_harmon5731@camanchaca.cl;3;0
Allen.Hatfield;709895812;Allen;Hatfield;16326842-6;h.allen6299@camanchaca.cl;1;1
Francesca.Mueller;744674458;Francesca;Mueller;3871519-4;mueller_francesca@camanchaca.cl;4;1
Hilda.Delacruz;929246288;Hilda;Delacruz;46149611-3;delacruz.hilda1871@camanchaca.cl;4;1
Maxwell.Daniel;893410099;Maxwell;Daniel;7928987-6;m-daniel@camanchaca.cl;6;0
Harlan.Owen;768086238;Harlan;Owen;40351833-6;harlan.owen@camanchaca.cl;1;1
Armand.England;486653245;Armand;England;43904491-8;englandarmand4767@camanchaca.cl;3;1
Tate.Boyer;950766146;Tate;Boyer;24298778-0;t.boyer@camanchaca.cl;3;0
Stacey.Hopkins;287968962;Stacey;Hopkins;38917542-0;hstacey@camanchaca.cl;1;0
Luke.Klein;544781922;Luke;Klein;12216220-6;klein-luke2553@camanchaca.cl;3;0
Camilla.Drake;155243071;Camilla;Drake;33945744-1;c-drake2844@camanchaca.cl;3;1
Hiram.Jones;992709447;Hiram;Jones;45975434-2;h.jones317@camanchaca.cl;5;1
Alexis.Navarro;948303274;Alexis;Navarro;21804826-9;a-navarro4639@camanchaca.cl;3;1
Lester.Graves;777407725;Lester;Graves;37748890-3;graveslester8811@camanchaca.cl;4;0
George.Stevens;401324036;George;Stevens;47499900-9;g_stevens8260@camanchaca.cl;5;0
Jenette.Cruz;225197770;Jenette;Cruz;7114776-2;j.cruz3048@camanchaca.cl;5;1
Hadley.Nieves;280824653;Hadley;Nieves;18470275-4;hadleynieves@camanchaca.cl;5;0
Brenna.Riddle;395780232;Brenna;Riddle;22328431-0;b-riddle6853@camanchaca.cl;1;0
Keegan.Knight;757104177;Keegan;Knight;39514625-4;kkeegan@camanchaca.cl;4;1
Griffith.Bowman;382500481;Griffith;Bowman;38452755-8;bowman-griffith@camanchaca.cl;4;0
Nero.Kennedy;866845857;Nero;Kennedy;4445173-5;n_kennedy5574@camanchaca.cl;1;0
Gretchen.Bright;422843257;Gretchen;Bright;37687573-3;g.bright@camanchaca.cl;1;1
Cole.Calhoun;996161541;Cole;Calhoun;25266574-9;cole-calhoun6012@camanchaca.cl;3;0
Whoopi.Tillman;84351268;Whoopi;Tillman;23734215-1;whoopi.tillman@camanchaca.cl;3;1
Driscoll.Jackson;437409503;Driscoll;Jackson;4841422-2;d-jackson@camanchaca.cl;3;1
Ocean.Carpenter;120373150;Ocean;Carpenter;4595015-8;o.carpenter5694@camanchaca.cl;5;0
Harding.Wolf;944494712;Harding;Wolf;2182648-0;harding_wolf8520@camanchaca.cl;4;1
Arden.Combs;909912177;Arden;Combs;4099442-4;a.combs@camanchaca.cl;5;0
Germaine.Brooks;840719134;Germaine;Brooks;4658758-8;g_brooks8098@camanchaca.cl;4;0
Frances.Woodard;235834613;Frances;Woodard;2797875-4;w.frances@camanchaca.cl;1;1
Cairo.Alvarez;583392883;Cairo;Alvarez;16642486-0;alvarez.cairo6594@camanchaca.cl;4;1
Breanna.Gallagher;570052308;Breanna;Gallagher;3848752-3;breanna_gallagher@camanchaca.cl;5;0
Susan.Baker;213855911;Susan;Baker;16116322-8;baker.susan7684@camanchaca.cl;3;0
Brett.Estrada;786834385;Brett;Estrada;47340547-4;estrada-brett615@camanchaca.cl;5;0
Harper.Snyder;714412126;Harper;Snyder;49151642-9;harper_snyder4992@camanchaca.cl;5;0
Kimberly.Tyler;173411736;Kimberly;Tyler;30944470-1;kimberlytyler@camanchaca.cl;3;1
Arsenio.West;630271688;Arsenio;West;894131-9;arsenio.west3933@camanchaca.cl;6;1
Christine.Gallegos;145705696;Christine;Gallegos;23419884-K;gallegos-christine6376@camanchaca.cl;1;0
Zelenia.Barrett;850961290;Zelenia;Barrett;3246435-1;z.barrett@camanchaca.cl;5;0
Phelan.Dickson;870189242;Phelan;Dickson;42527675-1;d.phelan@camanchaca.cl;6;0
Nichole.Craig;118894151;Nichole;Craig;4720193-4;n-craig@camanchaca.cl;4;1
Shelby.Olsen;772953392;Shelby;Olsen;36521828-5;olsen.shelby@camanchaca.cl;4;0
Rooney.Franklin;43802826;Rooney;Franklin;14535607-5;frooney8610@camanchaca.cl;5;0
Dora.Haney;773170794;Dora;Haney;458158-K;haney.dora@camanchaca.cl;3;0
Marsden.Warren;866610691;Marsden;Warren;35697426-3;m-warren7733@camanchaca.cl;4;1
Orla.Rollins;849057927;Orla;Rollins;767315-9;o-rollins9705@camanchaca.cl;1;0
Sacha.Bowman;557628919;Sacha;Bowman;12167315-0;s-bowman@camanchaca.cl;6;1
Shafira.Fowler;49729228;Shafira;Fowler;28488541-4;shafirafowler3950@camanchaca.cl;1;0
Camille.Fisher;330918360;Camille;Fisher;15147300-8;c.fisher@camanchaca.cl;5;1
Amos.Rodriquez;869192840;Amos;Rodriquez;31476635-0;rodriquez.amos@camanchaca.cl;6;1
Neve.Delaney;544584784;Neve;Delaney;16461981-8;ndelaney1932@camanchaca.cl;3;1
Meredith.Chang;648851118;Meredith;Chang;46231921-5;m_chang7336@camanchaca.cl;5;0
Haviva.Gibbs;303513126;Haviva;Gibbs;21467174-3;gibbshaviva@camanchaca.cl;1;0
Evan.Robertson;145802459;Evan;Robertson;3669919-1;r-evan@camanchaca.cl;3;1
Justine.Wells;166284823;Justine;Wells;49952728-4;j.wells@camanchaca.cl;4;0
Isaiah.Cervantes;525656477;Isaiah;Cervantes;3854689-9;cervantes.isaiah@camanchaca.cl;3;1
Alfreda.Hudson;59093649;Alfreda;Hudson;5742137-1;a.hudson@camanchaca.cl;6;0
Ishmael.William;742311025;Ishmael;William;12925988-4;wishmael@camanchaca.cl;4;0
Chandler.Bowers;636799754;Chandler;Bowers;3833282-1;c_bowers@camanchaca.cl;6;0
Ryder.Warren;91770382;Ryder;Warren;47423886-5;r-warren8165@camanchaca.cl;5;0
Kadeem.Dennis;270430516;Kadeem;Dennis;11151706-1;kdennis1012@camanchaca.cl;3;0
Victor.Ortega;684907376;Victor;Ortega;44904978-0;v-ortega7702@camanchaca.cl;5;1
Minerva.House;660074606;Minerva;House;7480600-7;minerva_house@camanchaca.cl;5;1
Elizabeth.Rutledge;868624494;Elizabeth;Rutledge;4626011-2;e.rutledge1091@camanchaca.cl;6;1
Dominique.Burt;706715757;Dominique;Burt;19628517-2;d.burt@camanchaca.cl;5;0
Elvis.Gregory;333579571;Elvis;Gregory;929798-7;e.gregory@camanchaca.cl;4;1
Serina.Barber;512642047;Serina;Barber;2162549-3;serina.barber3443@camanchaca.cl;4;0
Victoria.Gallagher;385702024;Victoria;Gallagher;42417230-8;v.gallagher@camanchaca.cl;1;1
Rama.Barron;195628050;Rama;Barron;26277683-2;barron-rama5325@camanchaca.cl;6;0
Hedda.Flynn;539180901;Hedda;Flynn;39915110-4;f_hedda@camanchaca.cl;1;0
Maia.Hartman;786600506;Maia;Hartman;28145407-2;hartman_maia7571@camanchaca.cl;6;1
Leroy.Watson;136624853;Leroy;Watson;20927396-9;leroy_watson@camanchaca.cl;1;1
Paul.Jarvis;908296770;Paul;Jarvis;20190826-4;paul-jarvis@camanchaca.cl;6;0
Claudia.Galloway;673516344;Claudia;Galloway;48861683-8;g_claudia1784@camanchaca.cl;6;0
Deacon.Reyes;638644955;Deacon;Reyes;41352898-4;r.deacon4080@camanchaca.cl;3;1
Ian.Rocha;196348488;Ian;Rocha;25654620-5;irocha@camanchaca.cl;1;1
Shad.Walton;996734611;Shad;Walton;3480905-4;s.walton4780@camanchaca.cl;4;0
Josephine.Hamilton;993808050;Josephine;Hamilton;49397528-5;hamilton.josephine@camanchaca.cl;6;1
Hunter.Woods;544063449;Hunter;Woods;20773833-6;h.woods824@camanchaca.cl;6;0
Acton.Pugh;94162068;Acton;Pugh;36400699-3;a_pugh@camanchaca.cl;4;0
Samson.Carlson;404680785;Samson;Carlson;33388953-6;scarlson@camanchaca.cl;4;1
Fritz.Schmidt;301652928;Fritz;Schmidt;6694959-1;f-schmidt4112@camanchaca.cl;3;1
Fitzgerald.Mendoza;569682126;Fitzgerald;Mendoza;22508338-K;mendoza_fitzgerald2230@camanchaca.cl;1;0
Ivor.Powell;761406516;Ivor;Powell;13176734-K;i_powell1990@camanchaca.cl;4;1
Hammett.Roth;684020193;Hammett;Roth;587555-2;hammett_roth5188@camanchaca.cl;6;1
Illana.Hampton;976426255;Illana;Hampton;47881619-7;hamptonillana@camanchaca.cl;1;1
Patricia.Richards;867456489;Patricia;Richards;19840325-3;patricia-richards6273@camanchaca.cl;4;1
Hope.Mendez;705923210;Hope;Mendez;17793304-K;mendezhope@camanchaca.cl;6;1
Kamal.Nash;123554024;Kamal;Nash;26838732-3;nash.kamal8510@camanchaca.cl;1;1
Nolan.Boyd;611158575;Nolan;Boyd;46345205-9;boyd.nolan4507@camanchaca.cl;4;0
Quentin.Stewart;58449664;Quentin;Stewart;21653396-8;quentin.stewart5562@camanchaca.cl;5;1
Patricia.Ford;647142830;Patricia;Ford;9945633-7;ford_patricia@camanchaca.cl;5;1
Shaeleigh.Daugherty;583129702;Shaeleigh;Daugherty;6504296-7;dshaeleigh3422@camanchaca.cl;5;0
Hadassah.Campbell;454392118;Hadassah;Campbell;7813491-7;h.campbell@camanchaca.cl;5;0
Alexis.Bass;105894264;Alexis;Bass;30672707-9;bass_alexis7193@camanchaca.cl;3;0
Owen.Scott;145555099;Owen;Scott;36456468-6;o_scott8756@camanchaca.cl;3;0
Jared.Knapp;929974155;Jared;Knapp;5714958-2;j_knapp@camanchaca.cl;3;1
Thane.Huffman;119846434;Thane;Huffman;16714446-2;thane-huffman972@camanchaca.cl;5;0
Kieran.Marsh;461635939;Kieran;Marsh;15775198-0;m-kieran@camanchaca.cl;6;0
Cynthia.Sharp;563259974;Cynthia;Sharp;4097786-4;csharp9089@camanchaca.cl;4;1
Jordan.Faulkner;611293060;Jordan;Faulkner;11587838-7;j_faulkner6621@camanchaca.cl;4;0
Cody.Ortega;914798321;Cody;Ortega;43459672-6;cody_ortega5311@camanchaca.cl;6;1
Clare.Guzman;629897207;Clare;Guzman;34618348-9;c-guzman6936@camanchaca.cl;6;0
Kellie.Sears;974633450;Kellie;Sears;26929261-K;s_kellie@camanchaca.cl;4;1
Wilma.Barton;29491143;Wilma;Barton;38492862-5;bwilma7537@camanchaca.cl;5;1
Fulton.Snyder;882705717;Fulton;Snyder;19720261-0;snyder_fulton8045@camanchaca.cl;1;1
Alfreda.Wolfe;170144955;Alfreda;Wolfe;38959170-K;wolfe.alfreda418@camanchaca.cl;6;1
Hanna.Trevino;417809141;Hanna;Trevino;29119915-1;trevino_hanna@camanchaca.cl;4;0
Kuame.Ochoa;425233367;Kuame;Ochoa;24602168-6;k_ochoa@camanchaca.cl;3;1
Gannon.Bullock;364026461;Gannon;Bullock;3510827-0;g-bullock1990@camanchaca.cl;3;0
Moses.Bruce;105323554;Moses;Bruce;26238504-3;m_bruce3020@camanchaca.cl;6;1
Ann.Blackwell;652253837;Ann;Blackwell;46166540-3;ann.blackwell1695@camanchaca.cl;4;0
Axel.Herman;28796775;Axel;Herman;41562844-7;a-herman8056@camanchaca.cl;6;0
Bethany.Orr;394283340;Bethany;Orr;41471947-3;b-orr3595@camanchaca.cl;4;0
Vielka.Buckner;584482650;Vielka;Buckner;14313287-0;b_vielka@camanchaca.cl;5;0
Kameko.Pope;473714747;Kameko;Pope;19516250-6;pope.kameko8892@camanchaca.cl;1;1
Sonia.Pruitt;601461399;Sonia;Pruitt;11128650-7;s-pruitt@camanchaca.cl;1;1
Otto.Caldwell;886333773;Otto;Caldwell;12940663-1;ottocaldwell7923@camanchaca.cl;5;0
Maryam.Harmon;439786730;Maryam;Harmon;1624696-4;harmon_maryam5189@camanchaca.cl;4;0
Dylan.Holcomb;686137769;Dylan;Holcomb;1616534-4;d_holcomb@camanchaca.cl;6;1
Lawrence.Gill;708303101;Lawrence;Gill;3746164-4;gill.lawrence9018@camanchaca.cl;3;0
Amela.Mccullough;380509684;Amela;Mccullough;28488525-2;a-mccullough7099@camanchaca.cl;5;0
Oren.Drake;98929402;Oren;Drake;41589805-3;oren-drake@camanchaca.cl;4;0
Tashya.Dunn;638445680;Tashya;Dunn;1052458-K;tashyadunn1223@camanchaca.cl;4;1
Kathleen.Church;418287577;Kathleen;Church;40296122-8;c_kathleen4916@camanchaca.cl;6;0
Eagan.Collins;197361593;Eagan;Collins;33879866-0;e_collins@camanchaca.cl;5;1
Chester.Howell;388865129;Chester;Howell;13990506-7;chester-howell@camanchaca.cl;3;0
Anastasia.Spears;127024734;Anastasia;Spears;41507252-K;spearsanastasia1878@camanchaca.cl;1;0
Mira.Blankenship;724402759;Mira;Blankenship;48801974-0;mblankenship@camanchaca.cl;3;1
Joan.Bradley;804671278;Joan;Bradley;38837908-1;bradley.joan@camanchaca.cl;1;0
Xena.Maddox;364329561;Xena;Maddox;32103162-5;maddox_xena@camanchaca.cl;1;0
Juliet.Ramsey;14609298;Juliet;Ramsey;35939329-6;ramseyjuliet2085@camanchaca.cl;6;1
Sandra.Duke;399895889;Sandra;Duke;20976240-4;sduke3851@camanchaca.cl;1;0
Harding.Mejia;407153036;Harding;Mejia;26235586-1;mejia_harding1407@camanchaca.cl;1;1
Aileen.Browning;626493844;Aileen;Browning;48967785-7;browning.aileen4616@camanchaca.cl;4;0
Zane.Mclean;530639686;Zane;Mclean;10761513-K;zmclean6266@camanchaca.cl;6;1
Dylan.Mcfarland;409467672;Dylan;Mcfarland;36377324-9;dylan.mcfarland@camanchaca.cl;5;1
Cullen.Ashley;936489143;Cullen;Ashley;45790577-7;c_ashley6550@camanchaca.cl;6;0
Courtney.Rodgers;60341096;Courtney;Rodgers;28309425-1;rodgers_courtney7159@camanchaca.cl;6;0
Damon.Donovan;510593063;Damon;Donovan;8276557-3;donovan_damon@camanchaca.cl;3;1
Upton.Montgomery;29307018;Upton;Montgomery;44350531-8;u-montgomery6223@camanchaca.cl;5;0
Callie.Ortega;313885856;Callie;Ortega;28487361-0;callie-ortega6168@camanchaca.cl;1;1
Arsenio.Conley;938248559;Arsenio;Conley;35680441-4;a-conley3214@camanchaca.cl;3;0
Suki.Crosby;709969163;Suki;Crosby;3580521-4;crosby-suki4656@camanchaca.cl;3;0
Angela.Dillon;88317488;Angela;Dillon;16620166-7;a-dillon5663@camanchaca.cl;3;1
Herrod.Dawson;818726161;Herrod;Dawson;38261386-4;h_dawson@camanchaca.cl;5;0
Burton.Koch;983694721;Burton;Koch;3830128-4;kburton8308@camanchaca.cl;1;0
Suki.Morrison;121241022;Suki;Morrison;28112367-K;s-morrison@camanchaca.cl;1;1
Herrod.Reid;860362907;Herrod;Reid;1294105-6;reid-herrod2740@camanchaca.cl;1;0
Kirby.Hoover;934412653;Kirby;Hoover;13401440-7;hoover-kirby@camanchaca.cl;4;1
Zia.Garza;610320572;Zia;Garza;39976459-9;zia.garza@camanchaca.cl;1;1
Damian.Walters;408154233;Damian;Walters;47337898-1;damianwalters@camanchaca.cl;1;0
Cherokee.Donovan;825473951;Cherokee;Donovan;11966969-3;c_donovan7123@camanchaca.cl;3;0
Desiree.Ross;420794357;Desiree;Ross;47272786-9;desiree-ross6999@camanchaca.cl;4;0
Kenyon.Snyder;88739484;Kenyon;Snyder;3252370-6;snyder.kenyon@camanchaca.cl;5;1
Colby.Tyson;326428983;Colby;Tyson;11785536-8;tyson_colby7704@camanchaca.cl;1;1
Lavinia.Rasmussen;473290389;Lavinia;Rasmussen;19132244-4;rasmussen-lavinia@camanchaca.cl;1;0
Nash.Howe;229900734;Nash;Howe;13543615-1;nhowe1101@camanchaca.cl;4;1
Hannah.Ashley;705814030;Hannah;Ashley;664612-3;h-ashley8254@camanchaca.cl;3;0
Maggy.Woods;501280542;Maggy;Woods;4989330-2;woods-maggy@camanchaca.cl;6;0
Len.Dunn;609390108;Len;Dunn;6372172-7;l_dunn@camanchaca.cl;4;0
Maxwell.Lewis;360484735;Maxwell;Lewis;11949548-2;m.lewis1349@camanchaca.cl;4;1
Mohammad.Patterson;230742524;Mohammad;Patterson;129491-1;mohammadpatterson@camanchaca.cl;4;1
Lee.Reilly;973775270;Lee;Reilly;16244200-7;reillylee6718@camanchaca.cl;1;1
Wayne.Love;309092609;Wayne;Love;28838144-5;w-love8013@camanchaca.cl;4;0
Angela.Glass;741458342;Angela;Glass;28579774-8;angela-glass@camanchaca.cl;6;1
Rhea.Vaughan;565824214;Rhea;Vaughan;43958236-7;r_vaughan@camanchaca.cl;4;0
Tashya.Walter;275587756;Tashya;Walter;28846140-6;twalter@camanchaca.cl;5;1
Judith.Blanchard;445188831;Judith;Blanchard;38545531-3;b-judith7469@camanchaca.cl;1;1
Nasim.Murray;455731064;Nasim;Murray;23491540-1;m-nasim4949@camanchaca.cl;5;0
Elvis.Combs;132706043;Elvis;Combs;1177561-6;combs_elvis@camanchaca.cl;1;0
Dustin.Irwin;933093492;Dustin;Irwin;24627828-8;irwin.dustin@camanchaca.cl;5;1
Kylynn.Robles;238141192;Kylynn;Robles;6541450-3;r-kylynn@camanchaca.cl;6;1
Shea.Matthews;180361611;Shea;Matthews;2020253-K;matthewsshea767@camanchaca.cl;1;1
Kirk.Gonzalez;465424012;Kirk;Gonzalez;22625704-7;k_gonzalez6396@camanchaca.cl;3;1
Arsenio.Garza;642745414;Arsenio;Garza;36665151-9;arseniogarza@camanchaca.cl;5;1
Gray.Burke;937938247;Gray;Burke;26172906-7;g.burke6600@camanchaca.cl;5;1
Colette.Landry;416652877;Colette;Landry;25434325-0;landry_colette5058@camanchaca.cl;5;1
Chaim.George;172837272;Chaim;George;15904309-6;george.chaim@camanchaca.cl;1;0
Tamekah.Blevins;41893345;Tamekah;Blevins;4430857-6;btamekah@camanchaca.cl;6;1
Jackson.Kline;951379012;Jackson;Kline;35170917-0;kline-jackson5994@camanchaca.cl;3;0
Dean.Hale;619809514;Dean;Hale;3079858-9;dean_hale@camanchaca.cl;1;1
Camden.Bentley;921750463;Camden;Bentley;35806145-1;bentley.camden@camanchaca.cl;1;1
Price.Pate;532684098;Price;Pate;42238743-9;p-pate@camanchaca.cl;6;0
Hadassah.Estes;936577298;Hadassah;Estes;25747605-7;estes-hadassah@camanchaca.cl;1;0
Madonna.Parrish;787227211;Madonna;Parrish;20210997-7;parrishmadonna@camanchaca.cl;5;1
Brandon.Walsh;704786097;Brandon;Walsh;27372644-6;b-walsh@camanchaca.cl;3;0
Dana.Watts;939678866;Dana;Watts;18744738-0;watts-dana@camanchaca.cl;3;0
Troy.Harmon;293259251;Troy;Harmon;34113320-3;t-harmon8098@camanchaca.cl;6;0
Charles.Harding;549360213;Charles;Harding;651176-7;c_harding@camanchaca.cl;5;0
Chanda.Elliott;94942102;Chanda;Elliott;36688396-7;elliott-chanda5175@camanchaca.cl;4;0
Amela.Bailey;141905626;Amela;Bailey;49478539-0;baileyamela@camanchaca.cl;5;1
Grady.Ramos;441993530;Grady;Ramos;7217946-3;gramos@camanchaca.cl;1;1
Gabriel.Haley;647966306;Gabriel;Haley;49167313-3;haley_gabriel5664@camanchaca.cl;5;0
Ira.Moon;600979661;Ira;Moon;16481801-2;ira_moon@camanchaca.cl;5;0
Xander.Matthews;361730078;Xander;Matthews;40150664-0;x.matthews@camanchaca.cl;5;1
Roth.Mcguire;835233968;Roth;Mcguire;38626134-2;m-roth@camanchaca.cl;5;1
Jelani.Burks;811300282;Jelani;Burks;30954867-1;burks-jelani@camanchaca.cl;4;1
Farrah.Mendez;30042553;Farrah;Mendez;49226436-9;mendez_farrah@camanchaca.cl;5;1
Nelle.Stevenson;545096925;Nelle;Stevenson;1416433-2;n.stevenson@camanchaca.cl;4;1
Kirestin.Mckinney;866772479;Kirestin;Mckinney;48563418-5;kirestin-mckinney6284@camanchaca.cl;4;0
Ulla.Walters;134326489;Ulla;Walters;40135894-3;u-walters@camanchaca.cl;5;1
Xavier.Olsen;72560174;Xavier;Olsen;1470626-7;x-olsen4709@camanchaca.cl;3;1
Angela.Gould;841020270;Angela;Gould;45657418-1;a.gould3723@camanchaca.cl;1;1
Tad.Anderson;694665785;Tad;Anderson;1285480-3;anderson.tad@camanchaca.cl;6;0
Calista.Richards;825440126;Calista;Richards;14390713-9;calistarichards760@camanchaca.cl;3;1
Alexis.Davidson;360096157;Alexis;Davidson;18597154-6;davidson_alexis@camanchaca.cl;4;1
Quail.Petty;998527811;Quail;Petty;6954696-K;p-quail1267@camanchaca.cl;6;1
Jade.Bryant;414334621;Jade;Bryant;2551676-1;bryant.jade8906@camanchaca.cl;6;0
Zahir.Carter;539621928;Zahir;Carter;18513898-4;c.zahir9129@camanchaca.cl;4;1
Jocelyn.Stafford;451222899;Jocelyn;Stafford;44734910-8;sjocelyn5138@camanchaca.cl;4;1
Samantha.Byers;675805201;Samantha;Byers;44345446-2;byers-samantha@camanchaca.cl;6;1
Troy.Mason;344352621;Troy;Mason;32215504-2;tmason@camanchaca.cl;1;0
Melinda.Odom;90296703;Melinda;Odom;46945926-8;odom-melinda8538@camanchaca.cl;4;0
Dante.Wright;135359584;Dante;Wright;344224-1;wdante@camanchaca.cl;4;1
Deborah.Compton;834500181;Deborah;Compton;19638983-0;d-compton7796@camanchaca.cl;1;0
Isabelle.Campbell;748145865;Isabelle;Campbell;13571883-1;campbell.isabelle@camanchaca.cl;6;1
Charity.Townsend;599799698;Charity;Townsend;40231746-9;townsend.charity1458@camanchaca.cl;4;1
Igor.Benjamin;729726644;Igor;Benjamin;12441203-K;igor_benjamin@camanchaca.cl;6;1
Buffy.Levy;983330731;Buffy;Levy;28535287-8;buffy.levy@camanchaca.cl;5;1
Lamar.Delaney;714235469;Lamar;Delaney;48499435-8;dlamar@camanchaca.cl;4;1
Kuame.Mendez;392916816;Kuame;Mendez;36591739-6;m.kuame4735@camanchaca.cl;6;1
Kirestin.Richardson;836246692;Kirestin;Richardson;29139457-4;k_richardson5191@camanchaca.cl;6;0
Dolan.Gallegos;275358207;Dolan;Gallegos;20153389-9;dolangallegos@camanchaca.cl;3;1
Brynne.Moon;560964935;Brynne;Moon;32145702-9;b-moon8612@camanchaca.cl;4;1
Chiquita.Buck;955534044;Chiquita;Buck;11713328-1;c.buck8015@camanchaca.cl;4;0
Arsenio.Flowers;34616093;Arsenio;Flowers;1549657-6;a_flowers9927@camanchaca.cl;3;0
Rhonda.Valenzuela;683074317;Rhonda;Valenzuela;10704703-4;valenzuela_rhonda876@camanchaca.cl;5;1
Jasmine.Shields;221605471;Jasmine;Shields;14805931-4;j.shields1390@camanchaca.cl;1;0
Kelly.Rhodes;301935141;Kelly;Rhodes;4435192-7;kelly_rhodes5776@camanchaca.cl;3;1
Dara.Savage;170476541;Dara;Savage;29485707-9;s.dara@camanchaca.cl;1;0
Nora.Donaldson;533042967;Nora;Donaldson;7487506-8;donaldson_nora2771@camanchaca.cl;4;1
Lani.Torres;456513706;Lani;Torres;44368675-4;l_torres@camanchaca.cl;4;1
Kenyon.Cardenas;67239172;Kenyon;Cardenas;37223689-2;cardenas.kenyon@camanchaca.cl;4;0
Castor.Griffin;476728145;Castor;Griffin;37989120-9;castorgriffin@camanchaca.cl;1;0
Cailin.Marshall;243381509;Cailin;Marshall;9791370-6;cailin.marshall@camanchaca.cl;5;1
Hall.Bowers;408336503;Hall;Bowers;206213-5;bowers.hall2636@camanchaca.cl;5;1
Kiayada.Ferrell;360430795;Kiayada;Ferrell;793794-6;kiayadaferrell@camanchaca.cl;6;0
Rina.Weaver;531387774;Rina;Weaver;11186127-7;rina-weaver@camanchaca.cl;6;0
Kevyn.Cline;686713027;Kevyn;Cline;44296559-5;c.kevyn@camanchaca.cl;5;1
Ryder.Horne;724017983;Ryder;Horne;31590209-6;r-horne273@camanchaca.cl;4;1
Cameron.Jacobs;189755459;Cameron;Jacobs;44724838-7;cameron_jacobs5012@camanchaca.cl;1;0
Quynn.Torres;187420389;Quynn;Torres;7161714-9;qtorres@camanchaca.cl;4;0
Odysseus.Mann;671624590;Odysseus;Mann;10961292-8;mann-odysseus8512@camanchaca.cl;5;0
Erich.Patterson;82689377;Erich;Patterson;44837161-1;p.erich6171@camanchaca.cl;3;1
Macon.Chandler;343756485;Macon;Chandler;11928714-6;maconchandler72@camanchaca.cl;5;1
Drew.Chambers;578257471;Drew;Chambers;49215344-3;chambers_drew@camanchaca.cl;1;0
Adrian.Cannon;752615142;Adrian;Cannon;36432412-K;acannon@camanchaca.cl;4;1
Rebekah.Santiago;527944494;Rebekah;Santiago;12652194-4;rebekah.santiago@camanchaca.cl;1;1
Kylynn.Roth;587103068;Kylynn;Roth;48118271-9;rkylynn@camanchaca.cl;6;0
Arsenio.Ayers;547208213;Arsenio;Ayers;285071-0;ayers.arsenio@camanchaca.cl;6;0
Graiden.Donovan;726949208;Graiden;Donovan;33650986-6;d.graiden5160@camanchaca.cl;3;0
Fitzgerald.Franklin;188727978;Fitzgerald;Franklin;3596117-8;ffranklin9714@camanchaca.cl;5;0
Yuli.Peck;451207042;Yuli;Peck;17206628-3;yulipeck@camanchaca.cl;4;1
Leandra.Finley;980157562;Leandra;Finley;22142785-8;finleyleandra@camanchaca.cl;5;0
Brynne.Lambert;732196532;Brynne;Lambert;20239183-4;brynnelambert381@camanchaca.cl;3;0
Marsden.Burke;33751306;Marsden;Burke;12745862-6;bmarsden4425@camanchaca.cl;5;1
Christopher.Smith;154949522;Christopher;Smith;29581105-6;c.smith1031@camanchaca.cl;1;0
Hanna.Hogan;476506952;Hanna;Hogan;23148734-4;hogan-hanna2479@camanchaca.cl;4;0
Astra.Mcleod;514446768;Astra;Mcleod;31224299-0;a.mcleod5634@camanchaca.cl;4;0
Uta.Jordan;501206333;Uta;Jordan;33749245-2;jordanuta72@camanchaca.cl;4;0
Ethan.Ochoa;552173441;Ethan;Ochoa;47687574-9;ethan.ochoa6748@camanchaca.cl;3;1
Samantha.Frye;705880840;Samantha;Frye;4079792-0;s_frye253@camanchaca.cl;3;0
Chase.Pacheco;563046388;Chase;Pacheco;46496435-5;chase_pacheco@camanchaca.cl;6;0
Byron.Dennis;506963524;Byron;Dennis;21548472-6;dennisbyron807@camanchaca.cl;5;0
Elmo.Brown;694069257;Elmo;Brown;38211302-0;elmo-brown6368@camanchaca.cl;3;0
Piper.Snyder;641756480;Piper;Snyder;24362270-0;piper.snyder2589@camanchaca.cl;5;1
Alisa.Green;994103575;Alisa;Green;42891893-2;a-green@camanchaca.cl;3;1
Buffy.Crosby;493767724;Buffy;Crosby;41657723-4;buffycrosby@camanchaca.cl;6;0
Conan.Holloway;157160805;Conan;Holloway;28651888-5;holloway-conan9633@camanchaca.cl;5;0
Uriel.Hill;267766146;Uriel;Hill;32139920-7;u_hill6240@camanchaca.cl;3;1
Lee.Avery;243200247;Lee;Avery;40388549-5;l.avery@camanchaca.cl;5;1
Caryn.Travis;515481740;Caryn;Travis;30914470-8;traviscaryn@camanchaca.cl;1;1
Michael.Solis;99785568;Michael;Solis;5415971-4;s.michael5058@camanchaca.cl;3;1
Catherine.Fields;391250248;Catherine;Fields;13772581-9;c.fields8996@camanchaca.cl;3;0
Camille.Michael;849362011;Camille;Michael;7261316-3;m_camille@camanchaca.cl;4;0
Clementine.Mccoy;58552883;Clementine;Mccoy;16524197-5;clementine_mccoy@camanchaca.cl;3;0
Andrew.Estrada;855525522;Andrew;Estrada;6226522-1;andrew.estrada@camanchaca.cl;5;1
John.Brooks;221028257;John;Brooks;12883121-5;j_brooks@camanchaca.cl;1;0
Kim.Keith;764331118;Kim;Keith;1570196-K;k-kim@camanchaca.cl;3;1
Fitzgerald.Johnston;774951310;Fitzgerald;Johnston;41238224-2;johnston_fitzgerald5575@camanchaca.cl;1;0
Kai.Maldonado;225663570;Kai;Maldonado;36568983-0;kai-maldonado@camanchaca.cl;3;0
Priscilla.Kane;921489233;Priscilla;Kane;39338477-8;p-kane@camanchaca.cl;3;1
Octavia.Steele;240171342;Octavia;Steele;37413870-7;osteele@camanchaca.cl;4;1
Eleanor.Holman;66226789;Eleanor;Holman;28383894-3;eleanor.holman@camanchaca.cl;6;1
Pascale.Ryan;100468061;Pascale;Ryan;7926712-0;p_ryan@camanchaca.cl;4;1
Heather.Brown;403643602;Heather;Brown;6560619-4;h_brown6844@camanchaca.cl;1;0
James.Owen;91889769;James;Owen;3671661-4;ojames@camanchaca.cl;3;1
Nevada.Bauer;989071824;Nevada;Bauer;657571-4;nevada.bauer@camanchaca.cl;4;0
Elijah.Brewer;280554846;Elijah;Brewer;20657372-4;e_brewer@camanchaca.cl;4;1
Bevis.Wong;102065013;Bevis;Wong;8768985-9;bevis.wong1811@camanchaca.cl;3;1
Ashely.Barlow;791846701;Ashely;Barlow;3765117-6;ashelybarlow1078@camanchaca.cl;4;0
Drew.Hansen;860675331;Drew;Hansen;6917551-1;h.drew6780@camanchaca.cl;3;0
Dante.Brennan;191757381;Dante;Brennan;46298231-3;dbrennan9366@camanchaca.cl;5;1
Candice.Todd;686169101;Candice;Todd;18464592-0;todd_candice8235@camanchaca.cl;4;1
Noel.Solis;520952761;Noel;Solis;41536202-1;noel.solis@camanchaca.cl;1;1
TaShya.Webster;492604307;TaShya;Webster;1229296-1;t.webster3044@camanchaca.cl;6;1
Rudyard.Silva;721154044;Rudyard;Silva;3460283-2;silva-rudyard@camanchaca.cl;4;1
Dorothy.Sanchez;707143203;Dorothy;Sanchez;41732568-9;sanchez.dorothy4187@camanchaca.cl;4;1
Axel.Pugh;884995235;Axel;Pugh;15478686-4;p_axel@camanchaca.cl;6;1
Norman.Chavez;618193896;Norman;Chavez;33566628-3;cnorman3341@camanchaca.cl;6;0
Cailin.Knight;348552757;Cailin;Knight;31588433-0;cailinknight1188@camanchaca.cl;5;1
Matthew.Carney;51760030;Matthew;Carney;46562614-3;c-matthew@camanchaca.cl;1;0
Amal.Travis;692405987;Amal;Travis;15555504-1;atravis2873@camanchaca.cl;6;1
Chantale.Riggs;684851680;Chantale;Riggs;49178836-4;riggschantale8801@camanchaca.cl;3;1
Zachery.Jacobson;71383100;Zachery;Jacobson;3066254-7;jacobson-zachery8951@camanchaca.cl;6;0
Coby.Carney;512037631;Coby;Carney;7114946-3;c_coby1599@camanchaca.cl;5;0
Zelda.Melton;214787008;Zelda;Melton;9202200-5;m.zelda4427@camanchaca.cl;1;1
Norman.Justice;233323085;Norman;Justice;30970374-K;norman-justice7019@camanchaca.cl;1;1
Amethyst.Dillon;692432804;Amethyst;Dillon;49385426-7;d.amethyst@camanchaca.cl;3;1
Samuel.Mcdaniel;379356989;Samuel;Mcdaniel;10749811-7;m-samuel@camanchaca.cl;1;0
Aphrodite.Bradley;733799647;Aphrodite;Bradley;3795282-6;abradley2814@camanchaca.cl;1;0
Chloe.Mcmillan;604475079;Chloe;Mcmillan;4554300-5;c_mcmillan@camanchaca.cl;4;1
Lois.Hoover;127085838;Lois;Hoover;15239955-3;hoover_lois3844@camanchaca.cl;6;1
Elton.Donaldson;20312411;Elton;Donaldson;47672982-3;e_donaldson1346@camanchaca.cl;6;0
Rashad.Francis;535731731;Rashad;Francis;39542976-0;rashad_francis@camanchaca.cl;1;0
Emily.Daniel;432618108;Emily;Daniel;48243915-2;daniel-emily2907@camanchaca.cl;1;0
Amity.Moore;73282448;Amity;Moore;18380382-4;a.moore5692@camanchaca.cl;5;0
Wilma.Becker;493243080;Wilma;Becker;26705510-6;w-becker@camanchaca.cl;1;0
Yvonne.Edwards;328424443;Yvonne;Edwards;8361114-6;edwards_yvonne@camanchaca.cl;3;1
Gage.Walls;170671236;Gage;Walls;14506400-7;w-gage419@camanchaca.cl;1;1
Leslie.Winters;106019736;Leslie;Winters;48225189-7;winters_leslie3736@camanchaca.cl;4;0
Levi.Nash;459317196;Levi;Nash;43955993-4;nash_levi4744@camanchaca.cl;3;1
James.Weber;997599523;James;Weber;41110292-0;weberjames4725@camanchaca.cl;1;1
Wang.Dillon;529557734;Wang;Dillon;46588768-0;dillon-wang@camanchaca.cl;5;0
Emma.Franco;704246386;Emma;Franco;27365781-9;franco-emma5566@camanchaca.cl;6;0
Jason.Everett;181239422;Jason;Everett;6660304-0;jeverett@camanchaca.cl;1;0
Eagan.Terry;333400612;Eagan;Terry;1719050-4;t.eagan7236@camanchaca.cl;3;1
Quon.Dudley;354207182;Quon;Dudley;2638929-1;quon.dudley@camanchaca.cl;1;0
Ira.Garcia;21054209;Ira;Garcia;10995877-8;garcia_ira@camanchaca.cl;6;1
Beatrice.Hopkins;699190905;Beatrice;Hopkins;42162511-5;b_hopkins@camanchaca.cl;3;1
Brock.Barron;926040478;Brock;Barron;12856182-K;barron.brock8301@camanchaca.cl;5;1
Chadwick.Kline;878077824;Chadwick;Kline;27438189-2;klinechadwick5800@camanchaca.cl;5;0
Chiquita.Patterson;198167953;Chiquita;Patterson;28420803-K;pchiquita8719@camanchaca.cl;5;1
Norman.Riggs;659834139;Norman;Riggs;37678322-7;riggs.norman@camanchaca.cl;6;0
Heidi.Rowe;965108415;Heidi;Rowe;7238344-3;h.rowe@camanchaca.cl;5;1
Cadman.Richard;332287932;Cadman;Richard;16861900-6;c-richard@camanchaca.cl;6;1
Martha.Griffin;129632802;Martha;Griffin;29733929-K;m.griffin933@camanchaca.cl;3;0
August.Dunlap;386321321;August;Dunlap;2539188-8;daugust4635@camanchaca.cl;3;0
Brooke.Mason;409260855;Brooke;Mason;34631727-2;masonbrooke1114@camanchaca.cl;5;1
Edward.Haynes;71846609;Edward;Haynes;44871529-9;haynes_edward315@camanchaca.cl;1;0
Grant.Santana;13609245;Grant;Santana;43411250-8;s-grant@camanchaca.cl;5;0
Hu.Morris;860446408;Hu;Morris;41446975-2;hu.morris@camanchaca.cl;5;0
Benjamin.Yates;711230301;Benjamin;Yates;48391950-6;yates.benjamin1185@camanchaca.cl;4;0
Adena.Atkins;801983965;Adena;Atkins;26617840-9;a-atkins1022@camanchaca.cl;6;0
Daquan.Moore;655622604;Daquan;Moore;24191291-4;d_moore@camanchaca.cl;3;0
Cassandra.Booker;608713580;Cassandra;Booker;14123816-7;booker.cassandra6107@camanchaca.cl;1;1
Xenos.Tillman;364926937;Xenos;Tillman;41733823-3;tillman_xenos@camanchaca.cl;4;0
Chadwick.Green;860840351;Chadwick;Green;35688608-9;green-chadwick@camanchaca.cl;5;1
Jorden.Patrick;370866614;Jorden;Patrick;26566838-0;p.jorden8504@camanchaca.cl;3;1
Roanna.May;953071939;Roanna;May;20859723-K;may_roanna6516@camanchaca.cl;6;1
Shad.Monroe;876485862;Shad;Monroe;25390772-K;s-monroe@camanchaca.cl;1;0
Cassady.Lancaster;629218197;Cassady;Lancaster;36618730-8;l.cassady6604@camanchaca.cl;6;1
Nayda.Russell;151725985;Nayda;Russell;29175717-0;russell_nayda@camanchaca.cl;5;1
Porter.Ellison;309641322;Porter;Ellison;11810267-3;porter_ellison7302@camanchaca.cl;5;0
Sylvia.Hardin;509186648;Sylvia;Hardin;4595606-7;hardin_sylvia@camanchaca.cl;1;1
Damian.Whitehead;140197579;Damian;Whitehead;15793221-7;wdamian@camanchaca.cl;4;1
Juliet.Browning;137680670;Juliet;Browning;41348804-4;b-juliet@camanchaca.cl;5;1
Anne.Manning;97626035;Anne;Manning;17300744-2;manning-anne@camanchaca.cl;4;1
Nissim.Ingram;108352700;Nissim;Ingram;43689351-5;n.ingram4894@camanchaca.cl;4;1
Cadman.Collins;968492277;Cadman;Collins;13700140-3;collins.cadman@camanchaca.cl;5;0
Joshua.Higgins;675165973;Joshua;Higgins;36955524-3;hjoshua8618@camanchaca.cl;3;1
Fallon.Osborne;490052358;Fallon;Osborne;11401683-7;o_fallon1851@camanchaca.cl;4;0
Lisandra.Barber;636087589;Lisandra;Barber;14104454-0;barberlisandra@camanchaca.cl;5;1
Patrick.Owen;772673347;Patrick;Owen;33714659-7;patrickowen8832@camanchaca.cl;3;0
Keith.Glenn;771346928;Keith;Glenn;20772313-4;glennkeith1127@camanchaca.cl;5;1
Signe.O'brien;531380291;Signe;O'brien;18370137-1;o-signe223@camanchaca.cl;3;0
Griffin.Lindsay;769680179;Griffin;Lindsay;3515385-3;l.griffin@camanchaca.cl;3;0
Sara.Evans;690785222;Sara;Evans;1583299-1;e_sara@camanchaca.cl;6;0
Velma.Coleman;18708272;Velma;Coleman;18340403-2;coleman-velma5068@camanchaca.cl;6;0
Inez.Manning;298075551;Inez;Manning;17575203-K;manning-inez@camanchaca.cl;4;1
Donovan.Love;330337212;Donovan;Love;23675308-5;l_donovan@camanchaca.cl;1;0
Carol.Gilmore;498637403;Carol;Gilmore;42587945-6;gilmore_carol8017@camanchaca.cl;6;0
Nina.Mayer;11020367;Nina;Mayer;5650199-1;n_mayer681@camanchaca.cl;3;0
Florence.Carter;31601738;Florence;Carter;1972482-4;fcarter@camanchaca.cl;6;0
Uriel.Ratliff;813603296;Uriel;Ratliff;47169176-3;ratliff.uriel@camanchaca.cl;4;0
Talon.Mcdowell;879630614;Talon;Mcdowell;16488471-6;t-mcdowell5437@camanchaca.cl;1;1
Wyatt.Moses;174528095;Wyatt;Moses;31533710-0;w_moses7722@camanchaca.cl;6;0
Bethany.Fleming;658935066;Bethany;Fleming;48680809-8;bethany.fleming@camanchaca.cl;4;0
Robert.Bright;487649851;Robert;Bright;3759926-3;robertbright@camanchaca.cl;6;0
Sophia.Ortiz;172565152;Sophia;Ortiz;36621725-8;ortiz_sophia@camanchaca.cl;4;1
Libby.Duke;380443527;Libby;Duke;19418622-3;libbyduke3595@camanchaca.cl;6;1
Colorado.Walker;95734723;Colorado;Walker;11304609-0;c-walker5139@camanchaca.cl;6;1
Kerry.Ward;788514539;Kerry;Ward;47465161-4;k.ward@camanchaca.cl;4;1
Graiden.Hendricks;525721721;Graiden;Hendricks;31648380-1;g_hendricks@camanchaca.cl;1;1
Dylan.Hodges;528656916;Dylan;Hodges;33219748-7;hdylan7565@camanchaca.cl;5;0
Jeanette.Moran;193775654;Jeanette;Moran;29274836-1;moran.jeanette6676@camanchaca.cl;3;0
Althea.Holcomb;169483844;Althea;Holcomb;42674421-K;althea-holcomb@camanchaca.cl;4;1
Howard.Rosales;885095357;Howard;Rosales;6143128-4;howard-rosales6301@camanchaca.cl;6;0
Valentine.Shaffer;479887716;Valentine;Shaffer;35824464-5;svalentine@camanchaca.cl;1;1
Stephen.Warner;564027449;Stephen;Warner;8528544-0;s.warner@camanchaca.cl;3;0
Pearl.Sears;373918006;Pearl;Sears;39771182-K;sears_pearl@camanchaca.cl;4;1
Kylynn.Booker;966277220;Kylynn;Booker;4039963-1;booker_kylynn4154@camanchaca.cl;4;1
Basia.Soto;839703579;Basia;Soto;24223377-8;basia-soto1059@camanchaca.cl;6;1
Joseph.Russell;241685265;Joseph;Russell;385741-7;joseph.russell@camanchaca.cl;6;0
Joy.Harper;581747884;Joy;Harper;37697318-2;j-harper8997@camanchaca.cl;6;1
Igor.Wilder;966825332;Igor;Wilder;47945169-9;i_wilder@camanchaca.cl;6;1
Wyatt.Holden;933907895;Wyatt;Holden;42979774-8;holden.wyatt3290@camanchaca.cl;1;0
Chaim.Dudley;49732041;Chaim;Dudley;27512552-0;c_dudley@camanchaca.cl;5;1
Clare.Saunders;634320409;Clare;Saunders;44597376-9;s-clare8375@camanchaca.cl;6;0
Dane.Weaver;926695936;Dane;Weaver;17873605-1;d-weaver417@camanchaca.cl;6;1
Paul.Frost;872265613;Paul;Frost;25785923-1;frostpaul@camanchaca.cl;6;1
Martha.Tanner;223803427;Martha;Tanner;4524046-0;t-martha9268@camanchaca.cl;1;0
Bo.Daugherty;320487081;Bo;Daugherty;33764684-0;b-daugherty3803@camanchaca.cl;5;1
Dawn.Peterson;857702136;Dawn;Peterson;12428503-8;p-dawn6717@camanchaca.cl;5;0
Lara.Vega;200290549;Lara;Vega;8589806-K;vega.lara@camanchaca.cl;1;1
Finn.Riddle;951524661;Finn;Riddle;4694391-0;finn.riddle@camanchaca.cl;4;1
Deirdre.Levy;860852045;Deirdre;Levy;45807771-1;d.levy@camanchaca.cl;3;0
Armando.Molina;122920293;Armando;Molina;4083702-7;molinaarmando@camanchaca.cl;4;1
Raja.Morse;691945256;Raja;Morse;21808881-3;rajamorse@camanchaca.cl;1;1
Aspen.Evans;893302896;Aspen;Evans;7690344-1;a-evans@camanchaca.cl;3;1
Ila.Delacruz;764183883;Ila;Delacruz;14139562-9;idelacruz6436@camanchaca.cl;3;1
Serena.Hill;987213955;Serena;Hill;45353401-4;s.hill455@camanchaca.cl;3;1
Nyssa.Raymond;736894370;Nyssa;Raymond;14169933-4;raymond_nyssa5534@camanchaca.cl;6;1
Chava.Mayo;279999180;Chava;Mayo;4433158-6;mayo.chava4169@camanchaca.cl;3;1
Anika.Adams;229027000;Anika;Adams;35384847-K;anika.adams547@camanchaca.cl;1;0
Emerald.Murray;517595035;Emerald;Murray;26981112-9;murray-emerald9232@camanchaca.cl;3;1
Mara.Knapp;899444132;Mara;Knapp;45711697-7;k.mara@camanchaca.cl;6;1
Nyssa.Padilla;256791098;Nyssa;Padilla;14305789-5;n_padilla9139@camanchaca.cl;3;1
Thor.Whitney;991892799;Thor;Whitney;7498261-1;t.whitney@camanchaca.cl;6;0
Clare.Maxwell;684864575;Clare;Maxwell;21216176-4;c.maxwell@camanchaca.cl;3;0
Sebastian.Church;672406945;Sebastian;Church;50465719-1;c_sebastian@camanchaca.cl;1;0
Aphrodite.Jarvis;62300678;Aphrodite;Jarvis;50784797-8;jarvisaphrodite@camanchaca.cl;5;0
Venus.Trevino;997335438;Venus;Trevino;14434416-2;tvenus@camanchaca.cl;6;0
Ray.Mclaughlin;764611697;Ray;Mclaughlin;25396916-4;mclaughlinray@camanchaca.cl;3;0
Chantale.David;886829965;Chantale;David;15346220-8;d-chantale@camanchaca.cl;3;0
Nero.Wyatt;322913737;Nero;Wyatt;45479309-9;n_wyatt669@camanchaca.cl;5;1
Zenia.Hood;799843993;Zenia;Hood;12617797-6;hoodzenia5254@camanchaca.cl;3;0
Kaye.Haley;477952214;Kaye;Haley;10753666-3;haley-kaye3651@camanchaca.cl;1;1
Madeson.Leonard;642254531;Madeson;Leonard;27979533-4;l_madeson@camanchaca.cl;5;1
Kirby.Parker;990358697;Kirby;Parker;21601976-8;p_kirby@camanchaca.cl;6;1
Quamar.Mcbride;493025059;Quamar;Mcbride;11137687-5;mcbride-quamar@camanchaca.cl;4;0
Mufutau.Norris;123005208;Mufutau;Norris;29360926-8;m_norris6533@camanchaca.cl;6;0
Frances.Daniel;294165795;Frances;Daniel;42613267-2;frances.daniel@camanchaca.cl;6;1
Emerald.Castaneda;251216980;Emerald;Castaneda;45168818-9;e-castaneda@camanchaca.cl;4;1
Winifred.Wolfe;304192742;Winifred;Wolfe;11139365-6;w-wolfe4990@camanchaca.cl;4;1
Colby.Medina;73947883;Colby;Medina;50163611-8;medina_colby@camanchaca.cl;5;0
Megan.Crosby;258518068;Megan;Crosby;43291955-2;megan-crosby9608@camanchaca.cl;6;0
McKenzie.Sims;479683390;McKenzie;Sims;39230506-8;m.sims1949@camanchaca.cl;6;1
Lee.Wheeler;368670785;Lee;Wheeler;40209976-3;wheeler_lee@camanchaca.cl;1;0
Quentin.Snow;596723253;Quentin;Snow;9294769-6;q.snow@camanchaca.cl;6;1
Ifeoma.Pennington;513410570;Ifeoma;Pennington;41940168-4;pennington-ifeoma6210@camanchaca.cl;5;0
Nayda.Estes;266721701;Nayda;Estes;3062959-0;n-estes2395@camanchaca.cl;3;0
Noah.Holden;70486134;Noah;Holden;15887234-K;h.noah@camanchaca.cl;4;1
Zeus.White;454464352;Zeus;White;16556918-0;z_white7434@camanchaca.cl;5;0
Abdul.Spencer;423571329;Abdul;Spencer;15422835-7;spencer_abdul@camanchaca.cl;5;1
Simon.Hughes;721317325;Simon;Hughes;37618529-K;h-simon@camanchaca.cl;5;0
Damian.Macias;571832346;Damian;Macias;35767876-5;d_macias@camanchaca.cl;4;0
Bruno.Pierce;72967882;Bruno;Pierce;44486660-8;b-pierce192@camanchaca.cl;6;0
Quon.Mcintyre;151049834;Quon;Mcintyre;24971913-7;mcintyre.quon@camanchaca.cl;1;1
Maia.Stokes;339395268;Maia;Stokes;116054-0;stokes.maia@camanchaca.cl;3;0
Lewis.Marshall;815966517;Lewis;Marshall;18421417-2;marshalllewis47@camanchaca.cl;4;0
Christian.Burgess;583438768;Christian;Burgess;19872683-4;burgess-christian1862@camanchaca.cl;5;0
Zeus.Noble;449005419;Zeus;Noble;2644715-1;zeus.noble5427@camanchaca.cl;3;0
Allegra.Holland;792926807;Allegra;Holland;43258921-8;h.allegra4993@camanchaca.cl;4;0
Quail.Harper;665947024;Quail;Harper;25554361-K;qharper6132@camanchaca.cl;3;0
Alfreda.Watts;311561101;Alfreda;Watts;1952452-3;a.watts@camanchaca.cl;1;1
Ivana.Vazquez;988490845;Ivana;Vazquez;13333275-8;v-ivana4519@camanchaca.cl;5;1
Moana.Walters;723171178;Moana;Walters;22957961-4;wmoana@camanchaca.cl;6;1
Aileen.Kirk;805679602;Aileen;Kirk;2234275-4;aileen.kirk4599@camanchaca.cl;6;0
Jolene.Baird;18137514;Jolene;Baird;41646345-K;jolene.baird@camanchaca.cl;1;0
Lacy.Lowery;662313058;Lacy;Lowery;15677329-8;l_lacy@camanchaca.cl;3;0
Jamalia.Nichols;298856125;Jamalia;Nichols;3821589-2;jamalianichols4939@camanchaca.cl;5;1
Scarlett.Walter;669116007;Scarlett;Walter;27603435-9;walter-scarlett8962@camanchaca.cl;3;0
Bruno.Willis;641269245;Bruno;Willis;29186327-2;bruno-willis@camanchaca.cl;1;1
Acton.Herrera;829632027;Acton;Herrera;29997831-1;h-acton@camanchaca.cl;4;1
Ella.Harrington;906125340;Ella;Harrington;51989-8;harrington-ella4189@camanchaca.cl;3;1
Ross.Solis;193514888;Ross;Solis;22782392-5;solis-ross@camanchaca.cl;5;1
Miranda.Lee;589758247;Miranda;Lee;27953752-1;miranda-lee@camanchaca.cl;1;1
Chester.Woodward;808747654;Chester;Woodward;17855950-8;wchester5650@camanchaca.cl;3;1
Desiree.Warren;467349513;Desiree;Warren;23908835-K;d-warren5016@camanchaca.cl;1;1
Noah.Brennan;996298280;Noah;Brennan;31871732-K;b_noah@camanchaca.cl;1;1
Gisela.Tanner;181027820;Gisela;Tanner;768782-6;g-tanner@camanchaca.cl;3;0
Macey.Owens;505884678;Macey;Owens;31833746-2;owensmacey@camanchaca.cl;5;0
Laith.Mcleod;256073433;Laith;Mcleod;2315436-6;laith_mcleod1031@camanchaca.cl;3;1
Dorothy.Gaines;37372389;Dorothy;Gaines;42890483-4;d-gaines@camanchaca.cl;3;1
Fredericka.Forbes;875715834;Fredericka;Forbes;36290177-4;forbesfredericka@camanchaca.cl;5;0
Rebecca.Stout;804096352;Rebecca;Stout;9108764-2;rstout3935@camanchaca.cl;5;1
Berk.Herman;838665806;Berk;Herman;13690321-7;b-herman2192@camanchaca.cl;6;1
Xandra.Stone;529276823;Xandra;Stone;3346207-7;x.stone@camanchaca.cl;1;1
Flynn.Langley;317502375;Flynn;Langley;13644162-0;langley_flynn@camanchaca.cl;5;1
Elvis.Hyde;949691025;Elvis;Hyde;2195313-K;hyde-elvis854@camanchaca.cl;6;1
Keelie.Crosby;143919526;Keelie;Crosby;42276193-4;crosby-keelie3212@camanchaca.cl;4;1
Sasha.Sampson;294682726;Sasha;Sampson;22234972-9;s-sampson@camanchaca.cl;1;1
Leonard.Avery;759981166;Leonard;Avery;44785408-2;a_leonard@camanchaca.cl;3;0
Wylie.Gillespie;204638844;Wylie;Gillespie;19339436-1;g_wylie@camanchaca.cl;3;0
Lareina.Hatfield;611199745;Lareina;Hatfield;48163757-0;h.lareina@camanchaca.cl;4;1
Brady.Lewis;350643513;Brady;Lewis;19403101-7;lewis_brady@camanchaca.cl;6;0
Patience.Mcguire;319189901;Patience;Mcguire;33991970-4;p_mcguire@camanchaca.cl;5;1
Harrison.Hicks;875867183;Harrison;Hicks;1260594-3;h_hicks5829@camanchaca.cl;5;1
Arsenio.Fields;358819960;Arsenio;Fields;6178310-5;afields2732@camanchaca.cl;4;0
Alice.Booth;779180789;Alice;Booth;16199116-3;boothalice@camanchaca.cl;4;0
Benjamin.Franco;935100965;Benjamin;Franco;1019688-4;benjamin-franco2737@camanchaca.cl;3;0
Giacomo.Holman;482338181;Giacomo;Holman;49628114-4;holman.giacomo@camanchaca.cl;6;0
Brielle.Wong;224383345;Brielle;Wong;9518196-1;wong-brielle3007@camanchaca.cl;3;0
Amaya.Rowland;674063170;Amaya;Rowland;303802-5;amayarowland@camanchaca.cl;5;1
Brooke.Cotton;702251988;Brooke;Cotton;19984897-6;c.brooke@camanchaca.cl;1;1
Giselle.Trevino;62843685;Giselle;Trevino;4382138-5;trevinogiselle@camanchaca.cl;6;1
Brianna.Hancock;67069946;Brianna;Hancock;30342969-7;b-hancock@camanchaca.cl;3;0
Colin.Ayers;997276205;Colin;Ayers;4831300-0;c.ayers2160@camanchaca.cl;1;0
Aurelia.Simmons;45225214;Aurelia;Simmons;42361718-7;s-aurelia@camanchaca.cl;4;0
Kerry.Massey;772242439;Kerry;Massey;37479208-3;kerry_massey@camanchaca.cl;1;0
Bertha.Morton;452633595;Bertha;Morton;12390556-3;morton.bertha3475@camanchaca.cl;3;0
Kathleen.Wilkerson;754564507;Kathleen;Wilkerson;36428995-2;kathleen_wilkerson5736@camanchaca.cl;1;1
Quamar.Dawson;849503858;Quamar;Dawson;11173198-5;q-dawson1837@camanchaca.cl;6;1
Uta.Trujillo;828287289;Uta;Trujillo;3954480-6;uta-trujillo5540@camanchaca.cl;1;1
Leigh.Jacobson;914035572;Leigh;Jacobson;9418199-2;leigh_jacobson@camanchaca.cl;4;0
Portia.Gregory;816518505;Portia;Gregory;817649-3;gregoryportia@camanchaca.cl;6;0
Alvin.Burris;464812157;Alvin;Burris;18540856-6;a-burris@camanchaca.cl;5;1
Maryam.Robinson;553381660;Maryam;Robinson;19650160-6;robinson.maryam5966@camanchaca.cl;1;1
Uriel.Farrell;905210126;Uriel;Farrell;24589976-9;u.farrell@camanchaca.cl;4;1
Tanya.Holder;903553639;Tanya;Holder;23694890-0;holder.tanya3902@camanchaca.cl;1;1
Sheila.Yates;646780099;Sheila;Yates;4888264-1;s_yates181@camanchaca.cl;3;0
Ifeoma.Craft;261057821;Ifeoma;Craft;39302934-K;icraft1257@camanchaca.cl;1;0
Sheila.Pratt;51694275;Sheila;Pratt;6433505-7;s_pratt@camanchaca.cl;1;0
Porter.Everett;727380948;Porter;Everett;14699535-7;everettporter3509@camanchaca.cl;6;1
Harper.Reyes;219216715;Harper;Reyes;36767483-0;rharper@camanchaca.cl;3;0
Ebony.Shelton;358831465;Ebony;Shelton;17601618-3;e.shelton@camanchaca.cl;1;0
Dexter.Trujillo;164448430;Dexter;Trujillo;32289578-K;dtrujillo6998@camanchaca.cl;3;0
Erin.Mccoy;652536668;Erin;Mccoy;31892351-5;mccoy_erin@camanchaca.cl;3;1
Gage.Bell;622771445;Gage;Bell;30223236-9;gbell791@camanchaca.cl;3;1
Tashya.Craig;744460349;Tashya;Craig;2129155-2;tcraig3094@camanchaca.cl;3;1
Rhea.Hester;560323275;Rhea;Hester;26873510-0;r.hester3919@camanchaca.cl;5;0
Wayne.Barnes;419853194;Wayne;Barnes;4364653-2;barnes_wayne@camanchaca.cl;6;0
Elliott.Hancock;581476949;Elliott;Hancock;32364235-4;hancock-elliott@camanchaca.cl;5;1
Ann.May;457599708;Ann;May;19589636-4;a.may@camanchaca.cl;5;0
Sydney.Puckett;991759736;Sydney;Puckett;13437356-3;p-sydney7094@camanchaca.cl;6;0
Sonia.Donovan;60941880;Sonia;Donovan;50602885-K;s_donovan@camanchaca.cl;5;1
Bell.Contreras;677622385;Bell;Contreras;4168934-K;cbell8621@camanchaca.cl;5;0
Maggie.Jenkins;11329769;Maggie;Jenkins;41360950-K;jenkins.maggie3998@camanchaca.cl;1;0
Alexandra.Gould;487907427;Alexandra;Gould;19398847-4;agould5019@camanchaca.cl;1;1
Lane.Duran;536279605;Lane;Duran;20392326-0;duran.lane@camanchaca.cl;5;1
Basia.Levine;491127870;Basia;Levine;2659467-7;levine_basia7496@camanchaca.cl;1;1
Kasper.Ferrell;869381224;Kasper;Ferrell;43616165-4;ferrell.kasper9910@camanchaca.cl;6;1
Daphne.Chambers;20303158;Daphne;Chambers;9178571-4;c_daphne5883@camanchaca.cl;1;1
Genevieve.Richardson;555574674;Genevieve;Richardson;31151191-2;richardson.genevieve4692@camanchaca.cl;3;1
Burton.Cruz;932923120;Burton;Cruz;14472155-1;cruz-burton@camanchaca.cl;5;1
Latifah.Sanders;464191810;Latifah;Sanders;13105121-2;l-sanders8810@camanchaca.cl;6;1
Jacqueline.Harris;971021238;Jacqueline;Harris;41972481-5;jharris@camanchaca.cl;1;1
Mufutau.Foster;33473143;Mufutau;Foster;27431788-4;foster.mufutau8822@camanchaca.cl;6;1
Ann.Key;773613259;Ann;Key;42400149-K;kann@camanchaca.cl;4;1
Raphael.Webster;427600381;Raphael;Webster;29511910-1;webster_raphael@camanchaca.cl;4;0
Mark.Luna;842015901;Mark;Luna;29156628-6;luna_mark@camanchaca.cl;5;0
Josiah.Hawkins;676129428;Josiah;Hawkins;44556168-1;josiah-hawkins1682@camanchaca.cl;4;0
Mason.Ford;580068400;Mason;Ford;940729-4;ford.mason@camanchaca.cl;3;0
Quynn.Reyes;44401389;Quynn;Reyes;3745675-6;reyesquynn@camanchaca.cl;6;0
Jaden.Ballard;845309437;Jaden;Ballard;12362254-5;bjaden@camanchaca.cl;4;0
Dustin.Cooley;134924098;Dustin;Cooley;14834106-0;dcooley5195@camanchaca.cl;6;0
Fallon.Dickerson;893512570;Fallon;Dickerson;2147076-7;d_fallon6411@camanchaca.cl;3;0
Ivana.Underwood;242457649;Ivana;Underwood;30214489-3;underwood-ivana@camanchaca.cl;3;0
Vaughan.James;972704730;Vaughan;James;6164224-2;vaughanjames@camanchaca.cl;6;0
Janna.Barlow;73504281;Janna;Barlow;13779127-7;jannabarlow6436@camanchaca.cl;3;1
Amethyst.Sloan;384394909;Amethyst;Sloan;21784347-2;a_sloan@camanchaca.cl;5;0
Mariam.Goff;815573202;Mariam;Goff;2079936-6;mariam_goff@camanchaca.cl;3;0
Dahlia.Mckinney;336690758;Dahlia;Mckinney;23766451-5;d_mckinney4106@camanchaca.cl;3;0
Briar.Lee;155871174;Briar;Lee;271837-5;l_briar@camanchaca.cl;3;1
Willa.Tillman;727984425;Willa;Tillman;37947145-5;tillmanwilla2187@camanchaca.cl;3;1
Dominique.Carrillo;956419348;Dominique;Carrillo;1384616-2;carrillo.dominique8461@camanchaca.cl;6;0
Harlan.Watson;921749773;Harlan;Watson;3218453-7;w_harlan@camanchaca.cl;5;1
Tanek.Leblanc;737102115;Tanek;Leblanc;46833190-K;t.leblanc8112@camanchaca.cl;6;0
Paul.Garner;635999181;Paul;Garner;5948951-8;p.garner7395@camanchaca.cl;5;1
Bradley.Duran;242815065;Bradley;Duran;30280302-1;duranbradley@camanchaca.cl;3;1
Alfonso.Walters;418581243;Alfonso;Walters;33542742-4;a_walters941@camanchaca.cl;6;0
Yoshi.Ochoa;426969465;Yoshi;Ochoa;21888219-6;o-yoshi@camanchaca.cl;1;0
Janna.Kane;553399099;Janna;Kane;18705439-7;kane_janna@camanchaca.cl;5;1
Jameson.Landry;424172786;Jameson;Landry;3943641-8;jameson-landry6460@camanchaca.cl;3;0
Nelle.Morton;942298786;Nelle;Morton;29978936-5;morton-nelle8612@camanchaca.cl;4;0
Christopher.Cummings;966887121;Christopher;Cummings;30587815-4;c_cummings@camanchaca.cl;1;0
Scarlett.Leblanc;549496342;Scarlett;Leblanc;10252190-0;s-leblanc@camanchaca.cl;5;0
Xander.Kemp;861471260;Xander;Kemp;3073182-4;k.xander@camanchaca.cl;6;1
Axel.Vinson;119260486;Axel;Vinson;4913445-2;v.axel@camanchaca.cl;4;1
Orlando.Greer;755208091;Orlando;Greer;44884264-9;o-greer@camanchaca.cl;4;1
Elaine.Hancock;700217804;Elaine;Hancock;15215939-0;e-hancock2890@camanchaca.cl;5;1
Francis.Arnold;245602499;Francis;Arnold;34265729-K;arnold.francis@camanchaca.cl;6;0
Kaye.Fry;301750638;Kaye;Fry;35864379-5;k_fry6216@camanchaca.cl;1;0
Macaulay.Hoffman;485860189;Macaulay;Hoffman;23991984-7;mhoffman1569@camanchaca.cl;5;1
Uriel.Galloway;607812396;Uriel;Galloway;48354193-7;galloway_uriel@camanchaca.cl;6;0
Vielka.Sparks;59374707;Vielka;Sparks;1025483-3;sparks_vielka6540@camanchaca.cl;3;1
Carlos.Clayton;885592754;Carlos;Clayton;40389380-3;c-carlos@camanchaca.cl;4;1
Chadwick.Stephens;842092279;Chadwick;Stephens;41249465-2;stephenschadwick@camanchaca.cl;6;1
Murphy.Murphy;301754475;Murphy;Murphy;24513950-0;murphy_murphy2791@camanchaca.cl;1;1
Hasad.Dalton;848390423;Hasad;Dalton;4089831-K;dalton_hasad448@camanchaca.cl;1;0
Ashton.Valentine;268567589;Ashton;Valentine;21577523-2;v-ashton4904@camanchaca.cl;3;1
Megan.Reeves;351636758;Megan;Reeves;2429494-3;m_reeves7457@camanchaca.cl;4;0
Neil.Silva;995613031;Neil;Silva;27212987-8;silva.neil@camanchaca.cl;6;1
Ian.Fox;45975178;Ian;Fox;38576837-0;ian.fox@camanchaca.cl;5;0
Jin.Golden;685708516;Jin;Golden;16621553-6;gjin8793@camanchaca.cl;1;0
Maia.Pearson;572740331;Maia;Pearson;4539594-4;p.maia4871@camanchaca.cl;5;0
Jordan.Spence;658646993;Jordan;Spence;1072438-4;s.jordan@camanchaca.cl;5;0
Berk.Mercer;19550351;Berk;Mercer;923024-6;mercer_berk7034@camanchaca.cl;4;0
Fiona.Fernandez;555568002;Fiona;Fernandez;23180911-2;f-fernandez4949@camanchaca.cl;4;0
Aristotle.Ellis;883205323;Aristotle;Ellis;32225514-4;aristotle_ellis92@camanchaca.cl;4;0
Hyatt.Blake;200193982;Hyatt;Blake;820419-5;h-blake7032@camanchaca.cl;6;1
Amir.Moses;525995307;Amir;Moses;29962424-2;m.amir@camanchaca.cl;4;0
Tyrone.Higgins;392632688;Tyrone;Higgins;873034-2;tyronehiggins@camanchaca.cl;6;0
Olga.Bradford;570852563;Olga;Bradford;35611125-7;bradfordolga@camanchaca.cl;5;1
Scarlett.Page;45791002;Scarlett;Page;22190677-2;s-page@camanchaca.cl;3;1
Samson.Spears;530226837;Samson;Spears;36472641-4;s.spears4028@camanchaca.cl;5;1
Lois.Knapp;687387879;Lois;Knapp;45888516-8;lknapp7764@camanchaca.cl;5;0
Eliana.Strickland;343251828;Eliana;Strickland;34295202-K;strickland_eliana2922@camanchaca.cl;6;1
Hop.Moreno;867368700;Hop;Moreno;42305370-4;h_moreno@camanchaca.cl;6;0
Iona.Johns;248884169;Iona;Johns;6431938-8;iona.johns@camanchaca.cl;1;1
Tana.Dillard;988816531;Tana;Dillard;43510349-9;tana.dillard@camanchaca.cl;4;1
Mollie.Mcleod;933063327;Mollie;Mcleod;12286473-1;mollie.mcleod@camanchaca.cl;6;1
Melinda.Hudson;835424123;Melinda;Hudson;33688625-2;m.hudson@camanchaca.cl;6;1
Hedley.Shields;566540203;Hedley;Shields;41845186-6;hedley.shields@camanchaca.cl;1;0
Gabriel.Hawkins;609808860;Gabriel;Hawkins;43787579-0;g.hawkins4387@camanchaca.cl;4;1
Lucy.Hardy;447109075;Lucy;Hardy;21418116-9;l.hardy5410@camanchaca.cl;1;1
Anne.Evans;428662206;Anne;Evans;41241415-2;e_anne5837@camanchaca.cl;4;1
Camille.Grant;614575767;Camille;Grant;47769232-K;cgrant9030@camanchaca.cl;4;0
Marshall.Newman;564736296;Marshall;Newman;50122662-9;nmarshall@camanchaca.cl;5;0
Hayfa.Travis;305909733;Hayfa;Travis;13586540-0;hayfa.travis@camanchaca.cl;6;1
Jade.Estrada;338440405;Jade;Estrada;37159421-3;jade-estrada6910@camanchaca.cl;3;0
Gay.Foley;113834084;Gay;Foley;16250213-1;foley_gay8049@camanchaca.cl;5;0
Dominic.Joyner;852802984;Dominic;Joyner;770094-6;d.joyner1890@camanchaca.cl;5;0
Laith.Oneal;660044189;Laith;Oneal;14699185-8;loneal931@camanchaca.cl;4;1
Kylynn.Duran;532271538;Kylynn;Duran;39653571-8;duran_kylynn@camanchaca.cl;5;1
Eagan.Riddle;614684789;Eagan;Riddle;23448462-1;r.eagan1075@camanchaca.cl;5;0
Hilary.Diaz;244075556;Hilary;Diaz;36937924-0;diaz.hilary4060@camanchaca.cl;5;1
Ursula.Hinton;946728711;Ursula;Hinton;38326493-6;hinton_ursula@camanchaca.cl;1;0
Marny.Hodges;399576398;Marny;Hodges;787825-7;m_hodges@camanchaca.cl;6;0
Rhoda.Roy;814468703;Rhoda;Roy;457396-K;royrhoda7884@camanchaca.cl;3;1
Xavier.Mcclure;457283975;Xavier;Mcclure;26733781-0;xavier.mcclure@camanchaca.cl;3;1
Quin.Benjamin;359089577;Quin;Benjamin;50317511-8;q-benjamin3667@camanchaca.cl;5;0
Linus.Mcclain;780897394;Linus;Mcclain;38358113-3;mcclainlinus@camanchaca.cl;5;0
Dorian.Molina;313910185;Dorian;Molina;16756426-7;dorianmolina@camanchaca.cl;3;1
Yardley.Guzman;409513532;Yardley;Guzman;183083-K;guzman_yardley@camanchaca.cl;1;0
Ralph.Hays;213059320;Ralph;Hays;5508375-4;ralph.hays3664@camanchaca.cl;1;1
Maggy.Casey;984434026;Maggy;Casey;36313555-2;m_casey@camanchaca.cl;6;1
Neve.Hurley;738422397;Neve;Hurley;12304778-8;n-hurley@camanchaca.cl;4;1
Harding.Cooley;424655094;Harding;Cooley;27254406-9;h-cooley@camanchaca.cl;3;1
Sylvester.Mckay;52048053;Sylvester;Mckay;20857835-9;m_sylvester4041@camanchaca.cl;3;1
Neville.Cohen;607286097;Neville;Cohen;24767798-4;c_neville@camanchaca.cl;1;0
Charles.Love;495864104;Charles;Love;19257910-4;charles-love4575@camanchaca.cl;4;1
Jack.Mcdaniel;552256575;Jack;Mcdaniel;7538320-7;mcdaniel-jack5282@camanchaca.cl;6;1
Honorato.Castaneda;301379201;Honorato;Castaneda;44957700-0;honoratocastaneda5334@camanchaca.cl;4;0
Edan.Glover;876788965;Edan;Glover;29103732-1;edan-glover5439@camanchaca.cl;6;1
Marshall.Mccarthy;999481208;Marshall;Mccarthy;15927282-6;m-marshall@camanchaca.cl;6;0
Elton.Sampson;864590185;Elton;Sampson;30233846-9;e.sampson3152@camanchaca.cl;5;1
Victoria.Giles;893498352;Victoria;Giles;43675581-3;v.giles@camanchaca.cl;1;1
Fatima.Vance;969979573;Fatima;Vance;39169461-3;vance_fatima@camanchaca.cl;5;0
Alfonso.Dorsey;626381465;Alfonso;Dorsey;35441332-9;d_alfonso2956@camanchaca.cl;1;1
Jesse.Mckenzie;822565092;Jesse;Mckenzie;17725493-2;mckenzie-jesse@camanchaca.cl;1;0
Chaim.Gray;492545615;Chaim;Gray;36749368-2;g-chaim@camanchaca.cl;1;0
Maxine.Ramos;382085380;Maxine;Ramos;16276463-2;ramosmaxine@camanchaca.cl;3;1
Ira.Gutierrez;79104586;Ira;Gutierrez;33573249-9;ira-gutierrez@camanchaca.cl;4;0
Ethan.Santiago;515130091;Ethan;Santiago;31616513-3;s-ethan@camanchaca.cl;3;0
Brynn.Dunn;256975186;Brynn;Dunn;25486379-3;dunn_brynn@camanchaca.cl;6;0
Mason.Floyd;248800264;Mason;Floyd;26656875-4;floyd-mason@camanchaca.cl;1;1
Thomas.Mcintyre;68393702;Thomas;Mcintyre;20706200-6;tmcintyre9584@camanchaca.cl;5;0
Fritz.Becker;471058329;Fritz;Becker;25414518-1;fritz.becker@camanchaca.cl;5;1
Jennifer.Lambert;612070191;Jennifer;Lambert;48293969-4;lambertjennifer@camanchaca.cl;6;0
Olga.Jennings;404990767;Olga;Jennings;613622-2;jennings.olga9020@camanchaca.cl;4;1
Urielle.Sosa;85497780;Urielle;Sosa;19685620-K;uriellesosa1292@camanchaca.cl;4;0
Randall.Giles;419796796;Randall;Giles;33911625-3;giles.randall@camanchaca.cl;1;1
Ivan.Buchanan;376132187;Ivan;Buchanan;315066-6;ivan_buchanan@camanchaca.cl;6;0
Daphne.Rivas;88858368;Daphne;Rivas;44547779-6;d_rivas6127@camanchaca.cl;3;0
Timon.House;770457793;Timon;House;39973309-K;timon_house@camanchaca.cl;5;0
Cara.Gilliam;942289532;Cara;Gilliam;24649521-1;gilliam.cara8654@camanchaca.cl;5;1
Georgia.Hall;908655244;Georgia;Hall;25532526-4;hallgeorgia9650@camanchaca.cl;5;1
Portia.Decker;953325860;Portia;Decker;23348282-K;pdecker@camanchaca.cl;3;1
Denton.Chapman;325481758;Denton;Chapman;6756873-7;c.denton@camanchaca.cl;1;0
Len.Fox;878754162;Len;Fox;3260977-5;lfox7657@camanchaca.cl;3;1
Evan.Beasley;995812527;Evan;Beasley;31407461-0;e_beasley9489@camanchaca.cl;5;0
Gabriel.Gallagher;314807735;Gabriel;Gallagher;38279290-4;gallaghergabriel@camanchaca.cl;1;1
Tashya.Giles;532077949;Tashya;Giles;38551357-7;g.tashya@camanchaca.cl;1;1
Linda.Graves;935398387;Linda;Graves;24908350-K;l_graves2278@camanchaca.cl;3;1
Graiden.Mason;878823332;Graiden;Mason;15893781-6;gmason6138@camanchaca.cl;3;0
Rhiannon.Smith;335191971;Rhiannon;Smith;32413846-3;rhiannonsmith@camanchaca.cl;5;1
Evan.Kidd;854856901;Evan;Kidd;4290775-8;kiddevan@camanchaca.cl;4;1
Ian.Bray;883088288;Ian;Bray;42409360-2;i-bray7357@camanchaca.cl;5;0
Deborah.Velez;750176094;Deborah;Velez;44168133-K;velezdeborah@camanchaca.cl;1;1
Jemima.Irwin;956765998;Jemima;Irwin;6456977-5;jemima_irwin@camanchaca.cl;1;1
Neville.Meyers;186480834;Neville;Meyers;17881120-7;n-meyers@camanchaca.cl;3;0
Megan.Bishop;248693933;Megan;Bishop;2210463-2;bishopmegan6348@camanchaca.cl;3;1
Kermit.Townsend;511140437;Kermit;Townsend;481349-9;kermit-townsend621@camanchaca.cl;1;0
Gemma.Contreras;347025139;Gemma;Contreras;1756164-2;contreras_gemma@camanchaca.cl;6;0
Mariko.Levy;90555292;Mariko;Levy;27412224-2;mariko.levy@camanchaca.cl;1;1
Justin.Vega;722669930;Justin;Vega;28999659-1;v-justin@camanchaca.cl;3;0
Joelle.Rodriquez;15630424;Joelle;Rodriquez;33377535-2;j_rodriquez6723@camanchaca.cl;3;1
Hall.Randall;227776668;Hall;Randall;6379124-5;h_randall9426@camanchaca.cl;4;0
Sawyer.Houston;381103495;Sawyer;Houston;47175718-7;h.sawyer@camanchaca.cl;1;1
Berk.Howell;988145602;Berk;Howell;25755167-9;b.howell@camanchaca.cl;3;0
Avram.Salinas;424643089;Avram;Salinas;8925682-8;a-salinas@camanchaca.cl;4;1
Jasper.Travis;524649053;Jasper;Travis;47229252-8;j.travis9801@camanchaca.cl;3;0
Blythe.Love;287360360;Blythe;Love;42413153-9;blythe.love7684@camanchaca.cl;1;0
Laurel.Hendrix;253778297;Laurel;Hendrix;38481547-2;hendrix.laurel@camanchaca.cl;5;0
Wing.Barrera;257560908;Wing;Barrera;40704487-8;barrera.wing3662@camanchaca.cl;1;0
Quynn.Bradley;243017632;Quynn;Bradley;9661303-2;q_bradley4076@camanchaca.cl;6;1
Leo.Everett;886152081;Leo;Everett;30224710-2;everett.leo8012@camanchaca.cl;3;1
Selma.Keller;136953923;Selma;Keller;24833138-0;keller_selma@camanchaca.cl;6;1
Oren.Schwartz;379872587;Oren;Schwartz;5155654-2;oschwartz6947@camanchaca.cl;5;0
Dillon.Dickerson;287476206;Dillon;Dickerson;40764679-7;d-dickerson@camanchaca.cl;1;1
Seth.Howe;210752023;Seth;Howe;7421714-1;howe-seth@camanchaca.cl;6;1
Indira.Golden;98205450;Indira;Golden;5081556-0;i-golden7692@camanchaca.cl;1;1
Rana.Faulkner;891157963;Rana;Faulkner;30387580-8;f.rana@camanchaca.cl;6;1
Stephen.Goodman;586227419;Stephen;Goodman;25459764-3;gstephen@camanchaca.cl;1;0
Isaiah.Figueroa;385808056;Isaiah;Figueroa;2264316-9;isaiah-figueroa6785@camanchaca.cl;1;1
Ebony.Underwood;615341130;Ebony;Underwood;18222279-8;u-ebony@camanchaca.cl;1;0
Christopher.Good;40982320;Christopher;Good;30810271-8;good_christopher@camanchaca.cl;5;0
Ori.Paul;350372964;Ori;Paul;6379211-K;o.paul5805@camanchaca.cl;4;1
Abel.Durham;827668993;Abel;Durham;5636174-K;durham.abel2587@camanchaca.cl;3;1
Jenna.Higgins;544898674;Jenna;Higgins;14187579-5;j-higgins5007@camanchaca.cl;6;1
Brenda.Washington;292611423;Brenda;Washington;34985340-K;b-washington6305@camanchaca.cl;5;0
Jordan.Mclaughlin;56068573;Jordan;Mclaughlin;48168871-K;jmclaughlin7691@camanchaca.cl;5;1
Octavius.Blake;900861950;Octavius;Blake;38246519-9;blakeoctavius8199@camanchaca.cl;1;0
Galvin.Farmer;755159388;Galvin;Farmer;34919259-4;g.farmer@camanchaca.cl;1;0
Courtney.Gentry;243582617;Courtney;Gentry;1561220-7;courtney_gentry@camanchaca.cl;6;1
Leah.Fischer;390833892;Leah;Fischer;12938852-8;fleah@camanchaca.cl;6;0
Erasmus.Mcdowell;277582381;Erasmus;Mcdowell;2256123-5;erasmus-mcdowell167@camanchaca.cl;1;1
Remedios.Battle;640543885;Remedios;Battle;41197-3;rbattle7152@camanchaca.cl;5;1
Elvis.Andrews;454905291;Elvis;Andrews;9248553-6;e_andrews8611@camanchaca.cl;4;1
Ciara.Mccormick;685505765;Ciara;Mccormick;38196406-K;mccormick.ciara@camanchaca.cl;5;1
Winter.Norman;233359694;Winter;Norman;43725741-8;norman_winter5860@camanchaca.cl;3;0
Hakeem.Davenport;320417926;Hakeem;Davenport;12654796-K;d.hakeem3797@camanchaca.cl;3;0
Macaulay.Miles;616305043;Macaulay;Miles;6164754-6;miles_macaulay1892@camanchaca.cl;6;0
Lucius.O'connor;985178769;Lucius;O'connor;4358291-7;lucius.oconnor8920@camanchaca.cl;4;1
Calvin.Schwartz;998788845;Calvin;Schwartz;21777716-K;c.schwartz@camanchaca.cl;6;0
Chandler.Downs;628655871;Chandler;Downs;17304197-7;c.downs5243@camanchaca.cl;4;0
Yvette.Bray;601398350;Yvette;Bray;417759-2;bray.yvette2398@camanchaca.cl;5;0
Miriam.Johns;878790911;Miriam;Johns;2590551-2;m-johns@camanchaca.cl;4;0
Allen.Tyler;163097401;Allen;Tyler;32275324-1;allen.tyler@camanchaca.cl;3;1
Abra.Mccormick;461046704;Abra;Mccormick;2898046-9;mccormick_abra656@camanchaca.cl;3;0
Jerome.Ball;62858811;Jerome;Ball;27110478-2;j_ball@camanchaca.cl;1;1
Olivia.Riddle;897922093;Olivia;Riddle;47451921-K;o_riddle1591@camanchaca.cl;4;0
Erich.Finch;226401808;Erich;Finch;15622777-3;e.finch1538@camanchaca.cl;1;1
Keith.Black;254783294;Keith;Black;22923372-6;black.keith@camanchaca.cl;4;1
Iona.Sexton;633840523;Iona;Sexton;49932524-K;sexton.iona@camanchaca.cl;3;1
Lillith.Middleton;812811378;Lillith;Middleton;14524560-5;m.lillith4228@camanchaca.cl;5;1
Charde.Macias;965735449;Charde;Macias;20162829-6;macias.charde3504@camanchaca.cl;4;0
Kamal.Mitchell;156970365;Kamal;Mitchell;36905984-K;mitchell_kamal5023@camanchaca.cl;6;1
Lavinia.Golden;216956360;Lavinia;Golden;29553259-9;l_golden1361@camanchaca.cl;1;1
Seth.Chang;724782751;Seth;Chang;17345404-K;schang9817@camanchaca.cl;3;0
Yardley.Rios;193178714;Yardley;Rios;30552447-6;riosyardley@camanchaca.cl;3;1
Cynthia.Dalton;230234629;Cynthia;Dalton;14473137-9;cynthiadalton8947@camanchaca.cl;1;1
Alan.Owens;792278276;Alan;Owens;4756647-9;o_alan@camanchaca.cl;1;0
Addison.Bartlett;171041304;Addison;Bartlett;40780686-7;a.bartlett8107@camanchaca.cl;5;0
Indira.Henderson;858914962;Indira;Henderson;3470031-1;i_henderson@camanchaca.cl;1;1
Paul.Hogan;209029101;Paul;Hogan;23751914-0;p-hogan@camanchaca.cl;5;0
Ian.Manning;84045836;Ian;Manning;8989317-8;ian_manning8374@camanchaca.cl;4;0
Noble.Palmer;733225929;Noble;Palmer;25209690-6;palmer.noble@camanchaca.cl;1;0
Jocelyn.Kelly;212648364;Jocelyn;Kelly;15417608-K;k_jocelyn3025@camanchaca.cl;4;0
Arthur.Stewart;992621786;Arthur;Stewart;18293861-0;arthur_stewart6744@camanchaca.cl;6;1
Mira.Mcdaniel;418470818;Mira;Mcdaniel;26851480-5;m_mcdaniel@camanchaca.cl;6;0
Lucy.Boyer;871755901;Lucy;Boyer;1058234-2;lucy_boyer7852@camanchaca.cl;6;0
Aiko.Brown;936752817;Aiko;Brown;12101691-5;a-brown@camanchaca.cl;3;1
Cassandra.Leonard;982646402;Cassandra;Leonard;49244221-6;c.leonard1230@camanchaca.cl;4;0
Kaye.Rios;461144169;Kaye;Rios;45824918-0;rios_kaye611@camanchaca.cl;6;0
Caryn.Britt;859445229;Caryn;Britt;44592401-6;b_caryn4769@camanchaca.cl;1;1
Hayley.Benson;411177890;Hayley;Benson;16692730-7;hayley-benson@camanchaca.cl;5;0
Angelica.Irwin;40979624;Angelica;Irwin;9704753-7;a-irwin@camanchaca.cl;5;1
Claire.Bond;412459777;Claire;Bond;2158066-K;bond.claire@camanchaca.cl;1;0
Isaac.Irwin;265748617;Isaac;Irwin;24133109-1;i_irwin@camanchaca.cl;6;1
Tatiana.Jacobs;513611084;Tatiana;Jacobs;746588-2;tjacobs6271@camanchaca.cl;1;0
Jonas.Delgado;69809459;Jonas;Delgado;42373353-5;delgado-jonas4027@camanchaca.cl;3;1
Harper.Coleman;796548503;Harper;Coleman;34900422-4;coleman-harper2334@camanchaca.cl;3;1
Fitzgerald.Rich;841543878;Fitzgerald;Rich;39321406-6;fitzgeraldrich624@camanchaca.cl;6;0
Ira.Mccoy;693600228;Ira;Mccoy;13625861-3;mira4457@camanchaca.cl;3;1
Quamar.Bowers;626330160;Quamar;Bowers;8760386-5;bowers-quamar@camanchaca.cl;3;1
Talon.Mercer;127176068;Talon;Mercer;17580810-8;tmercer@camanchaca.cl;6;0
Wynne.Mccoy;17213733;Wynne;Mccoy;922081-K;wynne.mccoy@camanchaca.cl;1;1
Phillip.Peterson;502657574;Phillip;Peterson;20422282-7;p_phillip@camanchaca.cl;6;0
Lyle.Keller;15514352;Lyle;Keller;42385404-9;keller-lyle@camanchaca.cl;3;1
Ina.Houston;866733060;Ina;Houston;35217318-5;inahouston5468@camanchaca.cl;3;0
Martin.Holloway;534158958;Martin;Holloway;345772-9;h.martin@camanchaca.cl;3;1
Danielle.Gilbert;766718548;Danielle;Gilbert;13146428-2;gilbertdanielle8044@camanchaca.cl;5;0
Charde.Lawrence;91810483;Charde;Lawrence;14332976-3;lawrence-charde@camanchaca.cl;1;1
Geoffrey.Pennington;504519622;Geoffrey;Pennington;48874657-K;gpennington@camanchaca.cl;5;0
Hamish.Rasmussen;806944283;Hamish;Rasmussen;30629595-0;hrasmussen3011@camanchaca.cl;4;1
Justin.Malone;215578747;Justin;Malone;11556460-9;jmalone6013@camanchaca.cl;6;1
Wyoming.Tillman;370755097;Wyoming;Tillman;49430466-K;tillman.wyoming@camanchaca.cl;3;1
Baker.Cruz;348686155;Baker;Cruz;16140572-8;b_cruz114@camanchaca.cl;5;0
Xyla.Peters;864508517;Xyla;Peters;38374216-1;xyla.peters@camanchaca.cl;3;1
Hedley.Weber;286942738;Hedley;Weber;25123464-7;weber_hedley9413@camanchaca.cl;4;1
Fletcher.Black;782708827;Fletcher;Black;48696452-9;b.fletcher3844@camanchaca.cl;6;0
Iola.Sellers;738914804;Iola;Sellers;7300231-1;sellers-iola@camanchaca.cl;5;1
Xena.Rosales;77328084;Xena;Rosales;12106985-7;rosales-xena2620@camanchaca.cl;1;0
Kirestin.Gibbs;896895385;Kirestin;Gibbs;11394130-8;gibbskirestin1789@camanchaca.cl;4;0
Ezra.Burch;112955322;Ezra;Burch;1485518-1;ezra.burch@camanchaca.cl;6;0
Ivor.Haney;967472092;Ivor;Haney;28843879-K;haney.ivor456@camanchaca.cl;1;0
Chandler.Sheppard;229808498;Chandler;Sheppard;16619518-7;csheppard@camanchaca.cl;1;0
Willa.Hudson;98956850;Willa;Hudson;38275336-4;whudson@camanchaca.cl;1;0
Delilah.Hart;165121586;Delilah;Hart;10671495-9;d_hart@camanchaca.cl;5;0
Lars.Pollard;799304585;Lars;Pollard;28157479-5;p.lars6046@camanchaca.cl;6;1
Dustin.Romero;369042293;Dustin;Romero;4547820-3;d.romero6581@camanchaca.cl;6;0
Hedley.Jacobson;468273305;Hedley;Jacobson;46808668-9;hedley.jacobson4061@camanchaca.cl;5;1
Sonya.Boyle;261996317;Sonya;Boyle;29105625-3;s-boyle8690@camanchaca.cl;5;1
Cameron.Gibbs;10695488;Cameron;Gibbs;23290792-4;cgibbs@camanchaca.cl;6;0
Jocelyn.Lambert;461099149;Jocelyn;Lambert;24244686-0;j.lambert8194@camanchaca.cl;3;0
Orlando.Austin;815294591;Orlando;Austin;22584208-6;a-orlando@camanchaca.cl;3;1
Devin.Cherry;365152764;Devin;Cherry;31102718-2;d.cherry5439@camanchaca.cl;4;1
Wylie.Fields;524682637;Wylie;Fields;12400112-9;w_fields6226@camanchaca.cl;4;1
Maryam.Clark;393987869;Maryam;Clark;11324255-8;m.clark1249@camanchaca.cl;6;0
Colleen.Nieves;676636944;Colleen;Nieves;32965809-0;colleen-nieves452@camanchaca.cl;4;1
Philip.Church;969662584;Philip;Church;12303767-7;churchphilip@camanchaca.cl;4;0
Kieran.Bright;247131620;Kieran;Bright;19380388-1;k-bright8556@camanchaca.cl;5;0
Heather.Shelton;162424283;Heather;Shelton;41595118-3;hshelton@camanchaca.cl;5;1
Cleo.Richmond;41438024;Cleo;Richmond;30490760-6;c-richmond@camanchaca.cl;3;0
Rogan.Becker;292245766;Rogan;Becker;8884355-K;r.becker@camanchaca.cl;6;0
Rae.Justice;185704967;Rae;Justice;25777186-5;r_justice@camanchaca.cl;5;1
Hillary.Armstrong;493283527;Hillary;Armstrong;431719-K;h_armstrong@camanchaca.cl;5;1
Basil.Stephens;770458629;Basil;Stephens;9160397-7;b_stephens9809@camanchaca.cl;6;0
Davis.Villarreal;528626484;Davis;Villarreal;37825954-1;davis_villarreal8255@camanchaca.cl;3;0
Christopher.Carroll;239527973;Christopher;Carroll;14378424-K;carroll_christopher3055@camanchaca.cl;6;1
Melodie.Gamble;495765429;Melodie;Gamble;2393548-1;m-gamble@camanchaca.cl;5;0
Xander.Branch;909791456;Xander;Branch;19182687-6;xander-branch4793@camanchaca.cl;4;0
Indigo.Fleming;844334767;Indigo;Fleming;1775339-8;flemingindigo@camanchaca.cl;3;1
Rhona.Ortega;340946126;Rhona;Ortega;3977180-2;rortega2213@camanchaca.cl;5;0
Odysseus.Johnson;459564169;Odysseus;Johnson;46869129-9;j-odysseus@camanchaca.cl;5;0
Christian.Spears;468044079;Christian;Spears;1653928-7;s-christian@camanchaca.cl;6;0
Macon.Drake;314336250;Macon;Drake;3466839-6;macon.drake5933@camanchaca.cl;1;0
Lucas.Hammond;432357780;Lucas;Hammond;2628686-7;hammond.lucas4798@camanchaca.cl;1;0
Peter.Raymond;318940486;Peter;Raymond;40893922-4;peter.raymond4477@camanchaca.cl;4;0
Yasir.Ward;679249954;Yasir;Ward;14320806-0;ward-yasir7579@camanchaca.cl;3;0
Zelenia.Fleming;183574293;Zelenia;Fleming;2531152-3;f.zelenia@camanchaca.cl;3;0
Wing.Lamb;356579735;Wing;Lamb;149798-7;l-wing8611@camanchaca.cl;5;0
Gloria.Hull;32795105;Gloria;Hull;21359472-9;h_gloria@camanchaca.cl;1;0
Dolan.Sosa;26245093;Dolan;Sosa;49110445-7;d.sosa3082@camanchaca.cl;4;0
Ocean.Peterson;66028935;Ocean;Peterson;24583598-1;o_peterson8842@camanchaca.cl;6;1
Emmanuel.Beard;504488282;Emmanuel;Beard;33256608-3;e.beard2247@camanchaca.cl;6;0
Isabelle.Rojas;329212737;Isabelle;Rojas;42640719-1;rojasisabelle7595@camanchaca.cl;6;0
Cameron.Ochoa;577606692;Cameron;Ochoa;28549707-8;cameron.ochoa@camanchaca.cl;5;1
Keane.Mcdaniel;775030372;Keane;Mcdaniel;10908647-9;mcdaniel_keane5753@camanchaca.cl;3;1
Phoebe.Kelly;663256597;Phoebe;Kelly;3288423-7;kelly.phoebe@camanchaca.cl;4;1
Coby.Sellers;499311808;Coby;Sellers;11874606-6;coby-sellers@camanchaca.cl;1;1
Jaquelyn.Hobbs;818776628;Jaquelyn;Hobbs;44748804-3;jhobbs7925@camanchaca.cl;1;1
Bertha.Vinson;746603534;Bertha;Vinson;44611392-5;v-bertha@camanchaca.cl;6;0
Sage.Mullen;880475977;Sage;Mullen;1294554-K;mullen_sage@camanchaca.cl;3;0
Seth.Stokes;899112165;Seth;Stokes;4527907-3;seth_stokes@camanchaca.cl;1;0
Brendan.Stevens;169667594;Brendan;Stevens;13980320-5;sbrendan4737@camanchaca.cl;5;0
Vincent.Morton;41238219;Vincent;Morton;3445381-0;vmorton@camanchaca.cl;5;1
Ruby.Rogers;544784436;Ruby;Rogers;36175701-7;r_rogers9952@camanchaca.cl;4;1
Hayes.Jones;186590256;Hayes;Jones;45247675-4;hayesjones720@camanchaca.cl;5;1
Alvin.Gilmore;606344241;Alvin;Gilmore;35548217-0;gilmore.alvin@camanchaca.cl;3;1
Bertha.Wood;497970034;Bertha;Wood;32387814-5;bertha_wood9186@camanchaca.cl;5;0
Shelby.Salas;517510040;Shelby;Salas;47513315-3;s.shelby9895@camanchaca.cl;3;0
Camden.Waller;796028721;Camden;Waller;27123285-3;camdenwaller2577@camanchaca.cl;5;1
